{"type":"FeatureCollection","features":[{"type":"Feature","properties":{"code":"AR-A","name":"Salta"},"geometry":{"type":"Polygon","coordinates":[[[-67.213,-23.695],[-67.003,-23.88],[-66.95,-23.967],[-66.928,-23.976],[-66.882,-23.973],[-66.882,-23.996],[-66.83,-24.065],[-66.786,-24.093],[-66.746,-24.09],[-66.725,-24.102],[-66.7,-24.136],[-66.637,-24.177],[-66.597,-24.187],[-66.557,-24.188],[-66.544,-24.208],[-66.512,-24.197],[-66.483,-24.213],[-66.479,-24.186],[-66.458,-24.172],[-66.421,-24.162],[-66.406,-24.114],[-66.378,-24.117],[-66.368,-24.043],[-66.352,-24.02],[-66.367,-23.959],[-66.362,-23.946],[-66.358,-23.881],[-66.379,-23.85],[-66.379,-23.831],[-66.357,-23.823],[-66.358,-23.801],[-66.379,-23.749],[-66.369,-23.729],[-66.371,-23.694],[-66.332,-23.657],[-66.335,-23.623],[-66.317,-23.574],[-66.287,-23.574],[-66.261,-23.557],[-66.246,-23.504],[-66.206,-23.461],[-66.205,-23.433],[-66.177,-23.414],[-66.121,-23.432],[-66.088,-23.459],[-66.051,-23.479],[-66.003,-23.513],[-65.987,-23.51],[-66.009,-23.774],[-66.008,-23.803],[-66.022,-23.862],[-65.991,-23.982],[-65.961,-23.967],[-65.936,-23.975],[-65.951,-24],[-65.87,-24.003],[-65.843,-24.019],[-65.804,-24.033],[-65.785,-24.056],[-65.754,-24.056],[-65.738,-24.08],[-65.723,-24.12],[-65.732,-24.147],[-65.725,-24.187],[-65.696,-24.214],[-65.697,-24.229],[-65.673,-24.247],[-65.674,-24.279],[-65.683,-24.307],[-65.656,-24.356],[-65.654,-24.379],[-65.623,-24.381],[-65.6,-24.417],[-65.571,-24.422],[-65.543,-24.449],[-65.52,-24.447],[-65.487,-24.427],[-65.429,-24.452],[-65.358,-24.462],[-65.347,-24.497],[-65.227,-24.486],[-65.228,-24.468],[-65.208,-24.459],[-65.183,-24.465],[-65.136,-24.506],[-65.101,-24.528],[-65.079,-24.562],[-65.008,-24.579],[-64.997,-24.576],[-64.929,-24.599],[-64.903,-24.591],[-64.88,-24.526],[-64.878,-24.503],[-64.843,-24.467],[-64.775,-24.503],[-64.754,-24.523],[-64.726,-24.53],[-64.706,-24.561],[-64.683,-24.572],[-64.674,-24.604],[-64.648,-24.613],[-64.594,-24.583],[-64.56,-24.577],[-64.531,-24.504],[-64.5,-24.507],[-64.477,-24.462],[-64.455,-24.464],[-64.44,-24.426],[-64.416,-24.398],[-64.386,-24.402],[-64.367,-24.419],[-64.318,-24.427],[-64.255,-24.367],[-64.246,-24.336],[-64.225,-24.33],[-64.182,-24.265],[-64.17,-24.228],[-64.175,-24.214],[-64.151,-24.136],[-64.154,-24.077],[-64.161,-24.072],[-64.158,-23.822],[-64.156,-23.519],[-64.353,-23.517],[-64.361,-23.539],[-64.395,-23.569],[-64.391,-23.602],[-64.413,-23.629],[-64.442,-23.637],[-64.478,-23.609],[-64.495,-23.568],[-64.525,-23.544],[-64.537,-23.523],[-64.635,-23.485],[-64.654,-23.485],[-64.684,-23.455],[-64.696,-23.455],[-64.762,-23.476],[-64.783,-23.493],[-64.802,-23.495],[-64.839,-23.486],[-64.853,-23.49],[-64.874,-23.473],[-64.867,-23.448],[-64.897,-23.438],[-64.91,-23.401],[-64.899,-23.39],[-64.899,-23.334],[-64.929,-23.301],[-64.957,-23.282],[-65.022,-23.279],[-65.035,-23.234],[-65.077,-23.232],[-65.046,-23.153],[-65.071,-23.138],[-65.063,-23.122],[-65.067,-23.091],[-65.063,-23.066],[-65.068,-23.041],[-65.122,-23.016],[-65.146,-22.985],[-65.177,-22.969],[-65.22,-22.939],[-65.236,-22.913],[-65.273,-22.895],[-65.279,-22.849],[-65.274,-22.79],[-65.301,-22.766],[-65.297,-22.74],[-65.302,-22.714],[-65.271,-22.65],[-65.3,-22.628],[-65.351,-22.602],[-65.348,-22.526],[-65.312,-22.479],[-65.282,-22.413],[-65.284,-22.39],[-65.263,-22.339],[-65.226,-22.32],[-65.24,-22.279],[-65.231,-22.251],[-65.215,-22.15],[-65.193,-22.147],[-65.196,-22.109],[-65.187,-22.085],[-64.993,-22.082],[-64.981,-22.098],[-64.938,-22.11],[-64.888,-22.129],[-64.875,-22.117],[-64.84,-22.139],[-64.818,-22.145],[-64.779,-22.177],[-64.754,-22.179],[-64.722,-22.196],[-64.682,-22.186],[-64.638,-22.195],[-64.536,-22.291],[-64.563,-22.321],[-64.567,-22.372],[-64.554,-22.39],[-64.514,-22.412],[-64.525,-22.437],[-64.491,-22.437],[-64.484,-22.48],[-64.458,-22.496],[-64.449,-22.521],[-64.426,-22.524],[-64.409,-22.559],[-64.429,-22.598],[-64.437,-22.635],[-64.414,-22.658],[-64.4,-22.683],[-64.395,-22.713],[-64.352,-22.732],[-64.333,-22.767],[-64.335,-22.807],[-64.326,-22.82],[-64.35,-22.875],[-64.324,-22.88],[-64.279,-22.829],[-64.288,-22.81],[-64.284,-22.772],[-64.26,-22.745],[-64.27,-22.699],[-64.268,-22.655],[-64.241,-22.605],[-64.243,-22.56],[-64.214,-22.527],[-64.208,-22.505],[-64.189,-22.495],[-64.186,-22.476],[-64.152,-22.451],[-64.138,-22.429],[-64.142,-22.407],[-64.119,-22.406],[-64.118,-22.364],[-64.105,-22.357],[-64.093,-22.301],[-64.073,-22.277],[-64.064,-22.245],[-64.036,-22.243],[-64.024,-22.176],[-64.009,-22.166],[-63.989,-22.117],[-63.986,-22.094],[-63.961,-22.088],[-63.955,-22.047],[-63.931,-22],[-63.709,-22],[-63.666,-22.016],[-63.665,-21.999],[-63.3,-22],[-62.806,-22],[-62.815,-22.039],[-62.796,-22.062],[-62.814,-22.108],[-62.791,-22.162],[-62.765,-22.155],[-62.737,-22.171],[-62.717,-22.211],[-62.689,-22.21],[-62.658,-22.256],[-62.644,-22.249],[-62.621,-22.259],[-62.63,-22.303],[-62.606,-22.303],[-62.601,-22.317],[-62.571,-22.327],[-62.536,-22.358],[-62.543,-22.373],[-62.51,-22.38],[-62.481,-22.373],[-62.465,-22.383],[-62.451,-22.42],[-62.421,-22.421],[-62.418,-22.443],[-62.391,-22.451],[-62.379,-22.466],[-62.342,-22.459],[-62.342,-22.477],[-62.342,-22.811],[-62.342,-23.155],[-62.342,-23.627],[-62.342,-23.9],[-62.342,-24.109],[-62.343,-24.392],[-62.636,-24.736],[-62.717,-24.832],[-62.895,-25.037],[-63.074,-25.244],[-63.16,-25.346],[-63.248,-25.446],[-63.422,-25.649],[-63.476,-25.71],[-63.567,-25.709],[-63.66,-25.685],[-63.878,-25.685],[-64.008,-25.673],[-64.025,-25.753],[-64.196,-25.727],[-64.197,-25.71],[-64.268,-25.701],[-64.404,-26.031],[-64.397,-26.046],[-64.412,-26.113],[-64.425,-26.116],[-64.495,-26.219],[-64.561,-26.224],[-64.58,-26.219],[-64.6,-26.231],[-64.624,-26.226],[-64.662,-26.243],[-64.715,-26.235],[-64.75,-26.237],[-64.758,-26.225],[-64.79,-26.224],[-64.819,-26.239],[-64.84,-26.237],[-64.873,-26.275],[-64.897,-26.279],[-64.951,-26.307],[-64.974,-26.277],[-65.04,-26.283],[-65.045,-26.23],[-65.272,-26.173],[-65.292,-26.102],[-65.323,-26.071],[-65.361,-26.058],[-65.424,-26.109],[-65.505,-26.09],[-65.521,-26.095],[-65.549,-26.088],[-65.602,-26.121],[-65.629,-26.123],[-65.641,-26.111],[-65.688,-26.117],[-65.7,-26.158],[-65.695,-26.186],[-65.71,-26.207],[-65.703,-26.225],[-65.708,-26.258],[-65.724,-26.279],[-65.707,-26.299],[-65.723,-26.313],[-65.711,-26.34],[-65.719,-26.353],[-66,-26.264],[-66.047,-26.241],[-66.071,-26.239],[-66.1,-26.22],[-66.142,-26.159],[-66.171,-26.134],[-66.196,-26.131],[-66.231,-26.149],[-66.244,-26.177],[-66.267,-26.195],[-66.292,-26.229],[-66.302,-26.271],[-66.331,-26.304],[-66.34,-26.339],[-66.355,-26.352],[-66.382,-26.417],[-66.461,-26.364],[-66.508,-26.365],[-66.54,-26.352],[-66.561,-26.292],[-66.539,-26.266],[-66.568,-26.249],[-66.577,-26.197],[-66.573,-26.185],[-66.6,-26.147],[-66.62,-26.144],[-66.626,-26.127],[-66.648,-26.11],[-66.661,-26.077],[-66.698,-26.082],[-66.746,-26.063],[-66.807,-26.017],[-66.844,-25.972],[-66.852,-25.913],[-66.843,-25.882],[-66.851,-25.781],[-66.871,-25.766],[-66.843,-25.713],[-66.813,-25.7],[-66.759,-25.706],[-66.691,-25.704],[-66.649,-25.712],[-66.631,-25.659],[-66.603,-25.627],[-66.564,-25.621],[-66.572,-25.586],[-66.565,-25.567],[-66.537,-25.538],[-66.543,-25.522],[-66.532,-25.501],[-66.536,-25.466],[-66.52,-25.449],[-66.534,-25.376],[-66.555,-25.369],[-66.59,-25.372],[-66.599,-25.363],[-66.58,-25.319],[-66.559,-25.299],[-66.879,-25.241],[-67.047,-25.243],[-67.269,-25.242],[-67.567,-25.24],[-67.864,-25.238],[-68.266,-25.194],[-68.507,-25.169],[-68.47,-25.148],[-68.459,-25.126],[-68.424,-25.131],[-68.409,-25.145],[-68.343,-25.111],[-68.357,-25.099],[-68.379,-25.042],[-68.407,-25.029],[-68.416,-24.994],[-68.408,-24.972],[-68.427,-24.962],[-68.432,-24.906],[-68.486,-24.895],[-68.493,-24.876],[-68.519,-24.874],[-68.531,-24.858],[-68.542,-24.814],[-68.568,-24.797],[-68.544,-24.725],[-68.515,-24.703],[-68.492,-24.663],[-68.503,-24.618],[-68.475,-24.621],[-68.452,-24.604],[-68.435,-24.606],[-68.431,-24.578],[-68.403,-24.524],[-68.387,-24.484],[-68.309,-24.492],[-68.296,-24.455],[-68.269,-24.435],[-68.262,-24.406],[-68.246,-24.396],[-68.067,-24.328],[-67.961,-24.285],[-67.554,-24.125],[-67.322,-24.034],[-67.213,-23.695]]]}},{"type":"Feature","properties":{"code":"AR-B","name":"Buenos Aires"},"geometry":{"type":"MultiPolygon","coordinates":[[[[-62.332,-40.016],[-62.332,-40.017],[-62.333,-40.019],[-62.333,-40.021],[-62.334,-40.022],[-62.334,-40.021],[-62.333,-40.018],[-62.333,-40.017],[-62.332,-40.016]]],[[[-58.492,-34.435],[-58.496,-34.433],[-58.491,-34.43],[-58.488,-34.433],[-58.49,-34.434],[-58.491,-34.435],[-58.492,-34.435]]],[[[-62.79,-41.023],[-62.806,-40.98],[-62.843,-40.941],[-62.87,-40.905],[-62.942,-40.843],[-62.96,-40.817],[-62.991,-40.801],[-63.032,-40.794],[-63.05,-40.772],[-63.086,-40.766],[-63.151,-40.733],[-63.184,-40.722],[-63.283,-40.729],[-63.315,-40.707],[-63.362,-40.723],[-63.379,-40.71],[-63.379,-40.321],[-63.381,-39.965],[-63.382,-39.874],[-63.383,-39.329],[-63.384,-39.061],[-63.385,-38.707],[-63.385,-38.369],[-63.386,-38.06],[-63.386,-37.86],[-63.385,-37.44],[-63.385,-36.991],[-63.385,-36.666],[-63.386,-36.277],[-63.385,-36.052],[-63.386,-35.579],[-63.386,-35.303],[-63.386,-35.002],[-63.385,-34.822],[-63.383,-34.819],[-63.393,-34.529],[-63.391,-34.386],[-62.884,-34.386],[-62.707,-34.386],[-62.363,-34.386],[-62.067,-34.386],[-61.718,-34.386],[-61.649,-34.319],[-61.529,-34.209],[-61.311,-34.01],[-61.127,-33.826],[-61.035,-33.731],[-60.975,-33.676],[-60.934,-33.654],[-60.922,-33.637],[-60.918,-33.589],[-60.882,-33.557],[-60.861,-33.546],[-60.825,-33.544],[-60.782,-33.578],[-60.746,-33.588],[-60.692,-33.584],[-60.661,-33.595],[-60.625,-33.626],[-60.6,-33.629],[-60.557,-33.647],[-60.523,-33.649],[-60.469,-33.638],[-60.458,-33.628],[-60.457,-33.582],[-60.418,-33.559],[-60.422,-33.515],[-60.41,-33.468],[-60.384,-33.445],[-60.346,-33.424],[-60.322,-33.374],[-60.324,-33.352],[-60.29,-33.323],[-60.26,-33.262],[-60.196,-33.298],[-60.163,-33.355],[-60.102,-33.378],[-60.064,-33.426],[-60.041,-33.448],[-59.996,-33.47],[-59.94,-33.472],[-59.898,-33.509],[-59.825,-33.532],[-59.809,-33.548],[-59.81,-33.584],[-59.776,-33.608],[-59.711,-33.604],[-59.671,-33.616],[-59.643,-33.635],[-59.63,-33.673],[-59.614,-33.689],[-59.586,-33.686],[-59.537,-33.636],[-59.503,-33.634],[-59.483,-33.647],[-59.469,-33.7],[-59.431,-33.732],[-59.398,-33.737],[-59.257,-33.723],[-59.234,-33.739],[-59.249,-33.767],[-59.248,-33.805],[-59.221,-33.815],[-59.172,-33.806],[-59.151,-33.836],[-59.119,-33.849],[-59.076,-33.837],[-59.043,-33.835],[-59.019,-33.848],[-58.99,-33.845],[-58.98,-33.869],[-58.931,-33.875],[-58.897,-33.892],[-58.862,-33.939],[-58.82,-33.954],[-58.779,-33.944],[-58.748,-33.955],[-58.683,-34.02],[-58.633,-34.039],[-58.553,-34.027],[-58.477,-34.003],[-58.443,-34.002],[-58.428,-34.004],[-58.42,-34.004],[-58.416,-34.003],[-58.415,-34.002],[-58.409,-34.009],[-58.363,-34.052],[-58.362,-34.089],[-58.369,-34.153],[-58.375,-34.165],[-58.352,-34.199],[-58.382,-34.225],[-58.402,-34.259],[-58.453,-34.389],[-58.498,-34.431],[-58.505,-34.45],[-58.504,-34.456],[-58.503,-34.456],[-58.502,-34.458],[-58.501,-34.459],[-58.501,-34.461],[-58.5,-34.461],[-58.492,-34.471],[-58.491,-34.472],[-58.492,-34.471],[-58.484,-34.477],[-58.48,-34.484],[-58.48,-34.485],[-58.479,-34.494],[-58.477,-34.497],[-58.477,-34.499],[-58.477,-34.503],[-58.477,-34.504],[-58.476,-34.504],[-58.475,-34.505],[-58.466,-34.525],[-58.465,-34.524],[-58.46,-34.527],[-58.501,-34.549],[-58.531,-34.615],[-58.529,-34.654],[-58.461,-34.706],[-58.427,-34.665],[-58.374,-34.657],[-58.351,-34.634],[-58.347,-34.634],[-58.344,-34.633],[-58.337,-34.633],[-58.336,-34.633],[-58.336,-34.634],[-58.329,-34.631],[-58.332,-34.635],[-58.33,-34.643],[-58.329,-34.643],[-58.329,-34.645],[-58.33,-34.645],[-58.329,-34.648],[-58.317,-34.658],[-58.206,-34.72],[-58.187,-34.738],[-58.12,-34.75],[-58.109,-34.753],[-58.108,-34.753],[-58.105,-34.754],[-58.054,-34.777],[-58.017,-34.78],[-57.981,-34.807],[-57.98,-34.809],[-57.974,-34.814],[-57.973,-34.815],[-57.973,-34.816],[-57.972,-34.817],[-57.97,-34.817],[-57.967,-34.819],[-57.964,-34.821],[-57.964,-34.822],[-57.962,-34.823],[-57.961,-34.824],[-57.96,-34.825],[-57.958,-34.827],[-57.953,-34.829],[-57.952,-34.829],[-57.951,-34.829],[-57.95,-34.83],[-57.946,-34.83],[-57.946,-34.831],[-57.943,-34.832],[-57.873,-34.829],[-57.87,-34.834],[-57.869,-34.835],[-57.867,-34.837],[-57.807,-34.876],[-57.805,-34.877],[-57.787,-34.893],[-57.72,-34.927],[-57.713,-34.929],[-57.67,-34.939],[-57.585,-34.998],[-57.507,-35.025],[-57.428,-35.088],[-57.427,-35.089],[-57.339,-35.159],[-57.274,-35.229],[-57.224,-35.274],[-57.223,-35.278],[-57.222,-35.279],[-57.196,-35.313],[-57.16,-35.374],[-57.158,-35.375],[-57.131,-35.424],[-57.13,-35.426],[-57.13,-35.435],[-57.13,-35.436],[-57.129,-35.441],[-57.13,-35.449],[-57.139,-35.467],[-57.141,-35.476],[-57.142,-35.478],[-57.147,-35.482],[-57.148,-35.485],[-57.149,-35.488],[-57.17,-35.512],[-57.177,-35.518],[-57.185,-35.526],[-57.21,-35.552],[-57.22,-35.563],[-57.221,-35.563],[-57.229,-35.57],[-57.232,-35.575],[-57.236,-35.578],[-57.258,-35.603],[-57.314,-35.68],[-57.319,-35.686],[-57.321,-35.687],[-57.325,-35.694],[-57.328,-35.695],[-57.329,-35.696],[-57.329,-35.698],[-57.335,-35.703],[-57.34,-35.709],[-57.342,-35.712],[-57.343,-35.713],[-57.344,-35.714],[-57.346,-35.715],[-57.348,-35.719],[-57.35,-35.724],[-57.352,-35.728],[-57.352,-35.729],[-57.356,-35.733],[-57.357,-35.735],[-57.357,-35.737],[-57.358,-35.738],[-57.359,-35.739],[-57.361,-35.739],[-57.361,-35.741],[-57.362,-35.742],[-57.363,-35.744],[-57.365,-35.747],[-57.364,-35.748],[-57.363,-35.754],[-57.364,-35.754],[-57.365,-35.763],[-57.367,-35.764],[-57.367,-35.766],[-57.367,-35.772],[-57.368,-35.773],[-57.369,-35.776],[-57.37,-35.778],[-57.371,-35.779],[-57.372,-35.782],[-57.372,-35.785],[-57.371,-35.787],[-57.371,-35.79],[-57.376,-35.795],[-57.375,-35.797],[-57.375,-35.798],[-57.377,-35.803],[-57.379,-35.807],[-57.381,-35.81],[-57.382,-35.81],[-57.382,-35.812],[-57.379,-35.812],[-57.38,-35.824],[-57.383,-35.829],[-57.386,-35.827],[-57.386,-35.828],[-57.385,-35.832],[-57.385,-35.835],[-57.385,-35.838],[-57.385,-35.839],[-57.386,-35.839],[-57.386,-35.84],[-57.386,-35.841],[-57.386,-35.842],[-57.387,-35.843],[-57.388,-35.843],[-57.388,-35.844],[-57.387,-35.845],[-57.388,-35.848],[-57.389,-35.863],[-57.39,-35.869],[-57.387,-35.867],[-57.385,-35.875],[-57.384,-35.877],[-57.386,-35.887],[-57.387,-35.893],[-57.388,-35.893],[-57.387,-35.894],[-57.386,-35.893],[-57.386,-35.895],[-57.385,-35.897],[-57.384,-35.9],[-57.376,-35.909],[-57.378,-35.912],[-57.378,-35.914],[-57.382,-35.925],[-57.383,-35.925],[-57.384,-35.926],[-57.383,-35.926],[-57.38,-35.926],[-57.378,-35.928],[-57.375,-35.94],[-57.382,-35.968],[-57.383,-35.968],[-57.372,-35.979],[-57.371,-35.979],[-57.371,-35.98],[-57.367,-35.986],[-57.366,-35.987],[-57.366,-35.992],[-57.364,-35.994],[-57.357,-35.999],[-57.356,-36.002],[-57.355,-36.007],[-57.353,-36.008],[-57.354,-36.008],[-57.354,-36.009],[-57.355,-36.01],[-57.35,-36.011],[-57.35,-36.012],[-57.349,-36.013],[-57.348,-36.016],[-57.347,-36.017],[-57.34,-36.029],[-57.337,-36.034],[-57.336,-36.038],[-57.334,-36.038],[-57.333,-36.037],[-57.332,-36.04],[-57.331,-36.042],[-57.329,-36.044],[-57.326,-36.05],[-57.295,-36.101],[-57.294,-36.103],[-57.289,-36.113],[-57.287,-36.115],[-57.286,-36.116],[-57.282,-36.122],[-57.28,-36.128],[-57.278,-36.13],[-57.28,-36.133],[-57.281,-36.134],[-57.281,-36.135],[-57.281,-36.136],[-57.281,-36.137],[-57.279,-36.138],[-57.278,-36.138],[-57.277,-36.138],[-57.276,-36.137],[-57.273,-36.136],[-57.27,-36.136],[-57.267,-36.137],[-57.264,-36.141],[-57.259,-36.149],[-57.256,-36.15],[-57.254,-36.152],[-57.253,-36.154],[-57.252,-36.154],[-57.252,-36.156],[-57.251,-36.157],[-57.251,-36.156],[-57.248,-36.159],[-57.247,-36.161],[-57.244,-36.162],[-57.242,-36.165],[-57.238,-36.17],[-57.237,-36.171],[-57.235,-36.172],[-57.234,-36.174],[-57.232,-36.179],[-57.224,-36.182],[-57.219,-36.189],[-57.22,-36.19],[-57.219,-36.19],[-57.214,-36.191],[-57.211,-36.194],[-57.21,-36.195],[-57.207,-36.198],[-57.205,-36.201],[-57.204,-36.202],[-57.202,-36.203],[-57.2,-36.204],[-57.192,-36.212],[-57.191,-36.213],[-57.19,-36.213],[-57.185,-36.216],[-57.184,-36.217],[-57.183,-36.218],[-57.178,-36.224],[-57.171,-36.229],[-57.17,-36.23],[-57.167,-36.234],[-57.145,-36.249],[-57.144,-36.25],[-57.141,-36.253],[-57.137,-36.256],[-57.136,-36.257],[-57.136,-36.258],[-57.135,-36.259],[-57.132,-36.26],[-57.131,-36.261],[-57.13,-36.262],[-57.129,-36.262],[-57.129,-36.263],[-57.127,-36.264],[-57.129,-36.265],[-57.128,-36.265],[-57.129,-36.266],[-57.125,-36.269],[-57.122,-36.269],[-57.118,-36.271],[-57.115,-36.273],[-57.115,-36.274],[-57.116,-36.275],[-57.117,-36.275],[-57.115,-36.278],[-57.106,-36.278],[-57.105,-36.278],[-57.102,-36.28],[-57.097,-36.284],[-57.094,-36.286],[-57.093,-36.286],[-57.015,-36.327],[-57.013,-36.328],[-56.914,-36.338],[-56.864,-36.328],[-56.825,-36.332],[-56.824,-36.332],[-56.816,-36.333],[-56.816,-36.335],[-56.8,-36.331],[-56.797,-36.33],[-56.779,-36.32],[-56.776,-36.313],[-56.777,-36.296],[-56.777,-36.294],[-56.741,-36.314],[-56.716,-36.355],[-56.699,-36.415],[-56.687,-36.541],[-56.685,-36.596],[-56.684,-36.605],[-56.673,-36.708],[-56.675,-36.805],[-56.669,-36.848],[-56.665,-36.87],[-56.683,-36.905],[-56.754,-36.987],[-56.811,-37.059],[-56.83,-37.089],[-56.897,-37.175],[-56.9,-37.18],[-56.991,-37.292],[-57.015,-37.325],[-57.061,-37.406],[-57.126,-37.493],[-57.193,-37.554],[-57.196,-37.558],[-57.256,-37.611],[-57.365,-37.696],[-57.394,-37.72],[-57.441,-37.769],[-57.442,-37.77],[-57.445,-37.774],[-57.447,-37.776],[-57.448,-37.776],[-57.449,-37.778],[-57.491,-37.827],[-57.515,-37.872],[-57.544,-37.99],[-57.524,-38.017],[-57.537,-38.045],[-57.54,-38.045],[-57.54,-38.066],[-57.539,-38.08],[-57.538,-38.08],[-57.535,-38.081],[-57.535,-38.082],[-57.537,-38.083],[-57.538,-38.084],[-57.541,-38.089],[-57.542,-38.09],[-57.605,-38.13],[-57.623,-38.157],[-57.629,-38.162],[-57.663,-38.191],[-57.717,-38.223],[-57.822,-38.268],[-57.853,-38.297],[-57.957,-38.332],[-58.06,-38.382],[-58.161,-38.421],[-58.245,-38.449],[-58.33,-38.483],[-58.429,-38.511],[-58.497,-38.538],[-58.649,-38.568],[-58.657,-38.57],[-58.697,-38.584],[-58.703,-38.581],[-58.734,-38.587],[-58.827,-38.622],[-58.918,-38.646],[-59.011,-38.678],[-59.164,-38.71],[-59.24,-38.717],[-59.374,-38.744],[-59.391,-38.751],[-59.492,-38.764],[-59.683,-38.796],[-59.792,-38.827],[-59.808,-38.828],[-59.852,-38.837],[-59.994,-38.855],[-60.017,-38.856],[-60.123,-38.867],[-60.286,-38.893],[-60.425,-38.92],[-60.663,-38.947],[-60.751,-38.96],[-60.812,-38.972],[-60.852,-38.98],[-60.876,-38.981],[-60.934,-38.982],[-60.963,-38.981],[-61.012,-38.982],[-61.087,-38.992],[-61.118,-38.999],[-61.185,-39],[-61.271,-38.991],[-61.399,-38.99],[-61.529,-39.003],[-61.605,-39.004],[-61.661,-38.991],[-61.695,-38.967],[-61.751,-38.974],[-61.8,-38.992],[-61.81,-38.992],[-61.875,-38.967],[-61.895,-38.969],[-62.046,-38.93],[-62.074,-38.911],[-62.074,-38.906],[-62.095,-38.9],[-62.109,-38.864],[-62.133,-38.835],[-62.138,-38.826],[-62.16,-38.81],[-62.22,-38.796],[-62.25,-38.796],[-62.304,-38.776],[-62.307,-38.772],[-62.307,-38.771],[-62.305,-38.754],[-62.328,-38.726],[-62.352,-38.715],[-62.373,-38.738],[-62.396,-38.745],[-62.398,-38.746],[-62.418,-38.734],[-62.465,-38.746],[-62.542,-38.739],[-62.565,-38.755],[-62.554,-38.792],[-62.527,-38.804],[-62.526,-38.804],[-62.522,-38.817],[-62.456,-38.827],[-62.393,-38.821],[-62.391,-38.836],[-62.321,-38.895],[-62.345,-38.954],[-62.323,-38.97],[-62.317,-39.005],[-62.302,-39.016],[-62.311,-39.057],[-62.342,-39.09],[-62.355,-39.114],[-62.336,-39.13],[-62.344,-39.164],[-62.3,-39.22],[-62.26,-39.231],[-62.252,-39.249],[-62.303,-39.244],[-62.318,-39.27],[-62.279,-39.266],[-62.106,-39.294],[-62.076,-39.305],[-62.04,-39.349],[-62.011,-39.353],[-62.003,-39.406],[-62.014,-39.419],[-62.065,-39.405],[-62.151,-39.35],[-62.158,-39.362],[-62.133,-39.398],[-62.066,-39.436],[-62.037,-39.443],[-62.065,-39.474],[-62.069,-39.508],[-62.108,-39.626],[-62.089,-39.681],[-62.114,-39.751],[-62.115,-39.827],[-62.127,-39.859],[-62.154,-39.864],[-62.19,-39.852],[-62.213,-39.858],[-62.244,-39.85],[-62.298,-39.868],[-62.296,-39.867],[-62.297,-39.865],[-62.3,-39.868],[-62.3,-39.87],[-62.302,-39.87],[-62.302,-39.867],[-62.302,-39.866],[-62.301,-39.865],[-62.301,-39.864],[-62.303,-39.862],[-62.304,-39.863],[-62.305,-39.862],[-62.306,-39.862],[-62.304,-39.863],[-62.303,-39.864],[-62.303,-39.866],[-62.303,-39.867],[-62.305,-39.867],[-62.307,-39.868],[-62.305,-39.868],[-62.307,-39.871],[-62.308,-39.868],[-62.31,-39.868],[-62.313,-39.871],[-62.314,-39.869],[-62.315,-39.87],[-62.316,-39.871],[-62.317,-39.873],[-62.316,-39.874],[-62.311,-39.884],[-62.313,-39.886],[-62.314,-39.89],[-62.314,-39.895],[-62.313,-39.897],[-62.314,-39.897],[-62.315,-39.901],[-62.316,-39.903],[-62.322,-39.903],[-62.323,-39.903],[-62.323,-39.902],[-62.324,-39.901],[-62.325,-39.904],[-62.324,-39.904],[-62.326,-39.91],[-62.326,-39.911],[-62.328,-39.912],[-62.329,-39.912],[-62.33,-39.913],[-62.33,-39.915],[-62.329,-39.918],[-62.329,-39.922],[-62.327,-39.924],[-62.327,-39.923],[-62.326,-39.924],[-62.327,-39.924],[-62.326,-39.928],[-62.326,-39.925],[-62.323,-39.925],[-62.324,-39.926],[-62.323,-39.927],[-62.323,-39.929],[-62.324,-39.929],[-62.325,-39.929],[-62.326,-39.929],[-62.326,-39.932],[-62.327,-39.933],[-62.316,-39.937],[-62.315,-39.938],[-62.316,-39.941],[-62.322,-39.942],[-62.323,-39.941],[-62.324,-39.941],[-62.328,-39.943],[-62.327,-39.944],[-62.324,-39.943],[-62.323,-39.942],[-62.323,-39.944],[-62.324,-39.945],[-62.324,-39.946],[-62.325,-39.947],[-62.326,-39.948],[-62.327,-39.95],[-62.328,-39.955],[-62.33,-39.957],[-62.331,-39.958],[-62.331,-39.959],[-62.331,-39.961],[-62.33,-39.963],[-62.329,-39.964],[-62.33,-39.963],[-62.331,-39.964],[-62.331,-39.965],[-62.33,-39.967],[-62.33,-39.968],[-62.326,-39.973],[-62.326,-39.981],[-62.326,-39.983],[-62.326,-39.985],[-62.327,-39.987],[-62.331,-40],[-62.332,-40.001],[-62.331,-40.002],[-62.332,-40.01],[-62.331,-40.011],[-62.331,-40.012],[-62.332,-40.013],[-62.332,-40.015],[-62.333,-40.016],[-62.333,-40.012],[-62.334,-40.012],[-62.335,-40.013],[-62.336,-40.014],[-62.336,-40.015],[-62.336,-40.018],[-62.337,-40.019],[-62.336,-40.02],[-62.336,-40.022],[-62.337,-40.025],[-62.338,-40.026],[-62.339,-40.028],[-62.341,-40.028],[-62.342,-40.029],[-62.342,-40.03],[-62.342,-40.032],[-62.346,-40.035],[-62.346,-40.04],[-62.346,-40.041],[-62.346,-40.042],[-62.346,-40.043],[-62.343,-40.042],[-62.344,-40.04],[-62.344,-40.039],[-62.343,-40.039],[-62.342,-40.038],[-62.341,-40.042],[-62.341,-40.043],[-62.341,-40.044],[-62.34,-40.045],[-62.339,-40.047],[-62.338,-40.047],[-62.339,-40.048],[-62.34,-40.049],[-62.341,-40.051],[-62.341,-40.058],[-62.342,-40.06],[-62.342,-40.061],[-62.342,-40.064],[-62.344,-40.065],[-62.346,-40.066],[-62.347,-40.066],[-62.347,-40.068],[-62.348,-40.067],[-62.348,-40.065],[-62.349,-40.065],[-62.351,-40.066],[-62.351,-40.067],[-62.35,-40.068],[-62.349,-40.069],[-62.348,-40.071],[-62.347,-40.081],[-62.346,-40.08],[-62.345,-40.079],[-62.345,-40.088],[-62.345,-40.089],[-62.345,-40.092],[-62.343,-40.096],[-62.343,-40.097],[-62.342,-40.103],[-62.342,-40.106],[-62.342,-40.11],[-62.342,-40.113],[-62.342,-40.114],[-62.342,-40.113],[-62.342,-40.118],[-62.344,-40.124],[-62.342,-40.13],[-62.341,-40.126],[-62.337,-40.138],[-62.331,-40.141],[-62.33,-40.143],[-62.338,-40.184],[-62.343,-40.194],[-62.345,-40.198],[-62.347,-40.199],[-62.351,-40.201],[-62.353,-40.202],[-62.354,-40.204],[-62.355,-40.204],[-62.356,-40.205],[-62.361,-40.207],[-62.365,-40.209],[-62.367,-40.21],[-62.37,-40.213],[-62.37,-40.215],[-62.375,-40.215],[-62.38,-40.22],[-62.383,-40.221],[-62.386,-40.225],[-62.386,-40.226],[-62.388,-40.227],[-62.394,-40.23],[-62.396,-40.231],[-62.4,-40.231],[-62.409,-40.232],[-62.413,-40.232],[-62.419,-40.235],[-62.425,-40.236],[-62.432,-40.241],[-62.435,-40.243],[-62.438,-40.245],[-62.444,-40.25],[-62.445,-40.259],[-62.448,-40.266],[-62.453,-40.271],[-62.466,-40.284],[-62.475,-40.291],[-62.484,-40.309],[-62.485,-40.326],[-62.461,-40.374],[-62.454,-40.378],[-62.45,-40.394],[-62.45,-40.395],[-62.45,-40.396],[-62.45,-40.399],[-62.449,-40.4],[-62.447,-40.407],[-62.446,-40.408],[-62.445,-40.409],[-62.442,-40.414],[-62.441,-40.415],[-62.441,-40.416],[-62.439,-40.417],[-62.435,-40.421],[-62.429,-40.424],[-62.428,-40.424],[-62.427,-40.425],[-62.427,-40.426],[-62.426,-40.427],[-62.425,-40.427],[-62.425,-40.428],[-62.423,-40.429],[-62.421,-40.429],[-62.423,-40.43],[-62.423,-40.431],[-62.423,-40.432],[-62.423,-40.434],[-62.421,-40.438],[-62.422,-40.439],[-62.422,-40.44],[-62.421,-40.442],[-62.421,-40.443],[-62.423,-40.446],[-62.424,-40.448],[-62.424,-40.449],[-62.425,-40.451],[-62.423,-40.458],[-62.422,-40.46],[-62.42,-40.462],[-62.418,-40.463],[-62.419,-40.463],[-62.417,-40.464],[-62.415,-40.466],[-62.412,-40.467],[-62.408,-40.469],[-62.406,-40.468],[-62.408,-40.469],[-62.407,-40.468],[-62.405,-40.468],[-62.406,-40.467],[-62.409,-40.466],[-62.411,-40.464],[-62.413,-40.465],[-62.414,-40.464],[-62.412,-40.463],[-62.411,-40.463],[-62.407,-40.467],[-62.404,-40.468],[-62.403,-40.469],[-62.404,-40.468],[-62.404,-40.469],[-62.402,-40.471],[-62.401,-40.472],[-62.4,-40.472],[-62.399,-40.474],[-62.389,-40.482],[-62.387,-40.483],[-62.386,-40.484],[-62.385,-40.485],[-62.384,-40.485],[-62.382,-40.486],[-62.38,-40.487],[-62.378,-40.489],[-62.376,-40.49],[-62.376,-40.489],[-62.374,-40.49],[-62.374,-40.491],[-62.372,-40.492],[-62.368,-40.493],[-62.358,-40.495],[-62.355,-40.495],[-62.347,-40.492],[-62.344,-40.493],[-62.339,-40.496],[-62.337,-40.496],[-62.334,-40.497],[-62.332,-40.5],[-62.329,-40.501],[-62.328,-40.502],[-62.324,-40.504],[-62.321,-40.505],[-62.319,-40.506],[-62.317,-40.51],[-62.316,-40.511],[-62.324,-40.521],[-62.323,-40.528],[-62.323,-40.53],[-62.321,-40.533],[-62.32,-40.536],[-62.316,-40.538],[-62.309,-40.54],[-62.297,-40.543],[-62.296,-40.545],[-62.295,-40.548],[-62.293,-40.548],[-62.293,-40.549],[-62.292,-40.55],[-62.291,-40.55],[-62.288,-40.551],[-62.287,-40.553],[-62.286,-40.555],[-62.284,-40.563],[-62.284,-40.567],[-62.286,-40.567],[-62.285,-40.568],[-62.277,-40.569],[-62.276,-40.568],[-62.274,-40.567],[-62.272,-40.565],[-62.264,-40.563],[-62.256,-40.563],[-62.28,-40.543],[-62.281,-40.542],[-62.282,-40.542],[-62.283,-40.542],[-62.284,-40.542],[-62.284,-40.541],[-62.285,-40.542],[-62.285,-40.541],[-62.286,-40.541],[-62.287,-40.541],[-62.288,-40.541],[-62.289,-40.54],[-62.29,-40.54],[-62.291,-40.54],[-62.292,-40.54],[-62.301,-40.538],[-62.302,-40.538],[-62.315,-40.536],[-62.318,-40.526],[-62.317,-40.525],[-62.316,-40.526],[-62.314,-40.526],[-62.309,-40.527],[-62.308,-40.528],[-62.279,-40.536],[-62.261,-40.538],[-62.257,-40.538],[-62.255,-40.539],[-62.25,-40.541],[-62.239,-40.547],[-62.237,-40.548],[-62.227,-40.554],[-62.222,-40.555],[-62.21,-40.563],[-62.206,-40.565],[-62.199,-40.569],[-62.195,-40.57],[-62.19,-40.573],[-62.188,-40.574],[-62.176,-40.581],[-62.172,-40.585],[-62.171,-40.592],[-62.169,-40.61],[-62.171,-40.615],[-62.173,-40.627],[-62.173,-40.632],[-62.174,-40.637],[-62.175,-40.639],[-62.176,-40.64],[-62.177,-40.641],[-62.181,-40.644],[-62.215,-40.67],[-62.216,-40.672],[-62.218,-40.673],[-62.22,-40.675],[-62.233,-40.69],[-62.234,-40.692],[-62.236,-40.71],[-62.237,-40.712],[-62.243,-40.72],[-62.248,-40.727],[-62.259,-40.747],[-62.26,-40.75],[-62.262,-40.758],[-62.267,-40.768],[-62.269,-40.771],[-62.271,-40.774],[-62.274,-40.779],[-62.275,-40.781],[-62.311,-40.87],[-62.323,-40.877],[-62.415,-40.921],[-62.538,-40.953],[-62.633,-40.994],[-62.649,-41.003],[-62.656,-41.006],[-62.706,-41.034],[-62.729,-41.037],[-62.747,-41.037],[-62.751,-41.036],[-62.754,-41.035],[-62.757,-41.033],[-62.766,-41.031],[-62.787,-41.023],[-62.79,-41.023]]],[[[-58.259,-34.177],[-58.244,-34.175],[-58.243,-34.177],[-58.259,-34.177]]]]}},{"type":"Feature","properties":{"code":"AR-C","name":"CABA"},"geometry":{"type":"MultiPolygon","coordinates":[[[[-58.351,-34.634],[-58.374,-34.657],[-58.427,-34.665],[-58.461,-34.706],[-58.529,-34.654],[-58.531,-34.615],[-58.501,-34.549],[-58.46,-34.527],[-58.459,-34.527],[-58.454,-34.53],[-58.452,-34.532],[-58.45,-34.536],[-58.455,-34.537],[-58.454,-34.539],[-58.453,-34.539],[-58.452,-34.54],[-58.451,-34.538],[-58.45,-34.538],[-58.45,-34.537],[-58.435,-34.541],[-58.435,-34.542],[-58.434,-34.543],[-58.433,-34.544],[-58.432,-34.544],[-58.431,-34.545],[-58.431,-34.547],[-58.431,-34.548],[-58.43,-34.548],[-58.43,-34.549],[-58.427,-34.549],[-58.426,-34.549],[-58.426,-34.551],[-58.427,-34.552],[-58.426,-34.552],[-58.427,-34.552],[-58.426,-34.552],[-58.425,-34.552],[-58.424,-34.553],[-58.423,-34.553],[-58.422,-34.553],[-58.417,-34.555],[-58.406,-34.562],[-58.405,-34.562],[-58.405,-34.563],[-58.404,-34.564],[-58.402,-34.564],[-58.401,-34.564],[-58.399,-34.564],[-58.4,-34.569],[-58.393,-34.572],[-58.391,-34.573],[-58.388,-34.575],[-58.385,-34.576],[-58.369,-34.582],[-58.363,-34.581],[-58.363,-34.583],[-58.36,-34.586],[-58.364,-34.586],[-58.365,-34.589],[-58.368,-34.59],[-58.368,-34.591],[-58.364,-34.623],[-58.351,-34.634]]],[[[-58.359,-34.595],[-58.347,-34.617],[-58.347,-34.619],[-58.346,-34.619],[-58.345,-34.62],[-58.346,-34.619],[-58.346,-34.622],[-58.345,-34.621],[-58.344,-34.619],[-58.343,-34.619],[-58.341,-34.618],[-58.337,-34.622],[-58.362,-34.623],[-58.359,-34.595]]]]}},{"type":"Feature","properties":{"code":"AR-D","name":"San Luis"},"geometry":{"type":"Polygon","coordinates":[[[-66.661,-31.924],[-66.605,-31.923],[-66.605,-31.934],[-66.569,-31.949],[-66.394,-31.985],[-66.355,-31.99],[-66.333,-31.938],[-66.3,-31.931],[-66.233,-31.94],[-66.158,-31.964],[-66.161,-31.939],[-66.141,-31.938],[-66.079,-31.97],[-66.071,-31.937],[-65.979,-31.889],[-65.915,-31.91],[-65.887,-31.91],[-65.856,-31.9],[-65.77,-31.889],[-65.628,-31.899],[-65.313,-32.042],[-65.31,-32.053],[-65.245,-32.09],[-65.226,-32.18],[-65.232,-32.211],[-65.211,-32.235],[-65.214,-32.271],[-65.209,-32.324],[-65.087,-32.314],[-65.035,-32.318],[-64.997,-32.314],[-64.977,-32.322],[-64.954,-32.307],[-64.935,-32.333],[-64.929,-32.382],[-64.932,-32.411],[-64.949,-32.444],[-64.937,-32.47],[-64.947,-32.517],[-64.928,-32.564],[-64.9,-32.575],[-64.915,-32.605],[-64.94,-32.623],[-64.923,-32.639],[-64.926,-32.666],[-64.911,-32.688],[-64.945,-32.717],[-64.943,-32.761],[-64.969,-32.8],[-64.983,-32.854],[-64.976,-32.877],[-64.991,-32.893],[-64.991,-32.936],[-65.014,-32.962],[-65.024,-32.992],[-64.999,-33.003],[-65.029,-33.05],[-65.045,-33.062],[-65.059,-33.1],[-65.055,-33.115],[-65.074,-33.142],[-65.098,-33.154],[-65.112,-33.177],[-65.143,-33.194],[-65.129,-33.487],[-65.119,-33.723],[-65.112,-33.875],[-65.109,-34.074],[-65.109,-34.38],[-65.109,-34.744],[-65.105,-35.015],[-65.106,-35.354],[-65.105,-35.695],[-65.105,-35.891],[-65.108,-35.999],[-65.469,-36],[-65.854,-36],[-66.24,-36],[-66.638,-36.001],[-66.62,-35.971],[-66.629,-35.917],[-66.62,-35.881],[-66.622,-35.849],[-66.603,-35.826],[-66.581,-35.768],[-66.581,-35.705],[-66.558,-35.674],[-66.549,-35.643],[-66.565,-35.618],[-66.57,-35.583],[-66.54,-35.563],[-66.523,-35.507],[-66.519,-35.463],[-66.529,-35.446],[-66.499,-35.345],[-66.496,-35.312],[-66.52,-35.274],[-66.501,-35.248],[-66.484,-35.241],[-66.483,-35.209],[-66.498,-35.192],[-66.494,-35.156],[-66.478,-35.141],[-66.521,-35.064],[-66.514,-35.052],[-66.545,-34.97],[-66.525,-34.952],[-66.537,-34.923],[-66.555,-34.911],[-66.545,-34.884],[-66.563,-34.829],[-66.602,-34.803],[-66.607,-34.775],[-66.643,-34.764],[-66.652,-34.749],[-66.64,-34.719],[-66.67,-34.695],[-66.691,-34.69],[-66.694,-34.662],[-66.726,-34.611],[-66.735,-34.584],[-66.765,-34.551],[-66.756,-34.535],[-66.764,-34.496],[-66.754,-34.443],[-66.789,-34.42],[-66.765,-34.389],[-66.786,-34.378],[-66.796,-34.355],[-66.804,-34.307],[-66.782,-34.302],[-66.789,-34.266],[-66.785,-34.234],[-66.747,-34.222],[-66.729,-34.208],[-66.711,-34.148],[-66.724,-34.116],[-66.71,-34.088],[-66.716,-34.057],[-66.701,-34.048],[-66.707,-34.023],[-66.663,-33.985],[-66.668,-33.956],[-66.688,-33.938],[-66.722,-33.936],[-66.736,-33.911],[-66.793,-33.881],[-66.8,-33.864],[-66.874,-33.832],[-66.892,-33.766],[-66.958,-33.723],[-66.975,-33.692],[-67.005,-33.665],[-67.003,-33.63],[-67.019,-33.609],[-67.037,-33.607],[-67.046,-33.586],[-67.069,-33.566],[-67.075,-33.543],[-67.092,-33.539],[-67.095,-33.508],[-67.136,-33.465],[-67.153,-33.412],[-67.148,-33.39],[-67.157,-33.371],[-67.152,-33.326],[-67.17,-33.303],[-67.18,-33.248],[-67.183,-33.199],[-67.168,-33.161],[-67.185,-33.128],[-67.185,-33.015],[-67.192,-32.984],[-67.21,-32.944],[-67.213,-32.911],[-67.23,-32.899],[-67.232,-32.864],[-67.21,-32.857],[-67.178,-32.82],[-67.177,-32.787],[-67.167,-32.763],[-67.183,-32.729],[-67.188,-32.697],[-67.226,-32.681],[-67.25,-32.585],[-67.269,-32.57],[-67.262,-32.556],[-67.294,-32.496],[-67.296,-32.431],[-67.32,-32.388],[-67.33,-32.359],[-67.265,-32.36],[-67.278,-32.292],[-67.371,-32.246],[-67.43,-32.199],[-67.471,-32.133],[-67.475,-32.107],[-67.453,-32.057],[-67.44,-32.005],[-67.438,-31.941],[-67.464,-31.859],[-67.274,-31.873],[-67.239,-31.881],[-67.137,-31.834],[-67.05,-31.857],[-67.006,-31.855],[-66.904,-31.89],[-66.82,-31.907],[-66.79,-31.917],[-66.749,-31.917],[-66.661,-31.924]]]}},{"type":"Feature","properties":{"code":"AR-E","name":"Entre Ríos"},"geometry":{"type":"Polygon","coordinates":[[[-59.674,-30.344],[-59.635,-30.36],[-59.634,-30.385],[-59.61,-30.426],[-59.583,-30.427],[-59.568,-30.367],[-59.545,-30.34],[-59.481,-30.342],[-59.464,-30.325],[-59.44,-30.329],[-59.419,-30.316],[-59.372,-30.326],[-59.349,-30.324],[-59.327,-30.351],[-59.251,-30.365],[-59.136,-30.311],[-59.137,-30.288],[-59.076,-30.257],[-59.067,-30.239],[-59.007,-30.219],[-58.938,-30.232],[-58.902,-30.248],[-58.835,-30.232],[-58.804,-30.211],[-58.755,-30.216],[-58.719,-30.187],[-58.699,-30.184],[-58.668,-30.164],[-58.635,-30.175],[-58.586,-30.159],[-58.564,-30.177],[-58.525,-30.189],[-58.496,-30.207],[-58.462,-30.206],[-58.452,-30.221],[-58.414,-30.234],[-58.365,-30.266],[-58.331,-30.267],[-58.297,-30.245],[-58.261,-30.256],[-58.245,-30.271],[-58.209,-30.287],[-58.194,-30.31],[-58.192,-30.336],[-58.146,-30.397],[-58.071,-30.43],[-58.079,-30.455],[-58.071,-30.484],[-58.058,-30.493],[-58.069,-30.545],[-58.046,-30.563],[-58.013,-30.613],[-57.981,-30.629],[-57.964,-30.647],[-57.895,-30.669],[-57.851,-30.7],[-57.846,-30.718],[-57.809,-30.73],[-57.81,-30.759],[-57.8,-30.777],[-57.806,-30.832],[-57.799,-30.853],[-57.822,-30.908],[-57.85,-30.919],[-57.888,-30.907],[-57.915,-30.921],[-57.896,-30.952],[-57.885,-30.987],[-57.861,-31.033],[-57.872,-31.071],[-57.917,-31.122],[-57.92,-31.139],[-57.912,-31.185],[-57.913,-31.212],[-57.939,-31.276],[-57.982,-31.321],[-57.997,-31.36],[-57.997,-31.361],[-57.992,-31.365],[-57.991,-31.365],[-57.98,-31.389],[-58.018,-31.415],[-58.063,-31.438],[-58.081,-31.455],[-58.075,-31.492],[-58.034,-31.51],[-58.004,-31.532],[-57.981,-31.59],[-58.008,-31.663],[-58.013,-31.687],[-58.033,-31.715],[-58.038,-31.76],[-58.084,-31.82],[-58.191,-31.853],[-58.207,-31.871],[-58.19,-31.922],[-58.169,-31.932],[-58.153,-31.978],[-58.138,-32.002],[-58.142,-32.057],[-58.168,-32.093],[-58.183,-32.151],[-58.18,-32.165],[-58.109,-32.24],[-58.1,-32.259],[-58.103,-32.31],[-58.125,-32.342],[-58.167,-32.36],[-58.182,-32.374],[-58.193,-32.409],[-58.204,-32.465],[-58.196,-32.486],[-58.186,-32.535],[-58.16,-32.572],[-58.161,-32.594],[-58.146,-32.667],[-58.15,-32.727],[-58.135,-32.783],[-58.121,-32.812],[-58.123,-32.856],[-58.115,-32.884],[-58.114,-32.924],[-58.09,-32.954],[-58.084,-33.001],[-58.098,-33.019],[-58.144,-33.044],[-58.176,-33.077],[-58.257,-33.103],[-58.316,-33.106],[-58.36,-33.12],[-58.404,-33.18],[-58.41,-33.231],[-58.391,-33.277],[-58.398,-33.315],[-58.432,-33.366],[-58.431,-33.412],[-58.441,-33.441],[-58.434,-33.495],[-58.443,-33.538],[-58.494,-33.581],[-58.474,-33.653],[-58.447,-33.688],[-58.435,-33.72],[-58.438,-33.759],[-58.432,-33.841],[-58.424,-33.916],[-58.434,-33.922],[-58.408,-33.958],[-58.417,-34.001],[-58.415,-34.002],[-58.416,-34.003],[-58.42,-34.004],[-58.428,-34.004],[-58.443,-34.002],[-58.477,-34.003],[-58.553,-34.027],[-58.633,-34.039],[-58.683,-34.02],[-58.748,-33.955],[-58.779,-33.944],[-58.82,-33.954],[-58.862,-33.939],[-58.897,-33.892],[-58.931,-33.875],[-58.98,-33.869],[-58.99,-33.845],[-59.019,-33.848],[-59.043,-33.835],[-59.076,-33.837],[-59.119,-33.849],[-59.151,-33.836],[-59.172,-33.806],[-59.221,-33.815],[-59.248,-33.805],[-59.249,-33.767],[-59.234,-33.739],[-59.257,-33.723],[-59.398,-33.737],[-59.431,-33.732],[-59.469,-33.7],[-59.483,-33.647],[-59.503,-33.634],[-59.537,-33.636],[-59.586,-33.686],[-59.614,-33.689],[-59.63,-33.673],[-59.643,-33.635],[-59.671,-33.616],[-59.711,-33.604],[-59.776,-33.608],[-59.81,-33.584],[-59.809,-33.548],[-59.825,-33.532],[-59.898,-33.509],[-59.94,-33.472],[-59.996,-33.47],[-60.041,-33.448],[-60.064,-33.426],[-60.102,-33.378],[-60.163,-33.355],[-60.196,-33.298],[-60.26,-33.262],[-60.293,-33.245],[-60.284,-33.201],[-60.327,-33.179],[-60.377,-33.181],[-60.429,-33.153],[-60.464,-33.147],[-60.497,-33.131],[-60.523,-33.08],[-60.555,-33.059],[-60.605,-32.998],[-60.61,-32.959],[-60.622,-32.944],[-60.667,-32.912],[-60.68,-32.888],[-60.702,-32.796],[-60.722,-32.757],[-60.714,-32.683],[-60.748,-32.632],[-60.743,-32.59],[-60.752,-32.544],[-60.771,-32.522],[-60.764,-32.496],[-60.737,-32.474],[-60.719,-32.431],[-60.714,-32.378],[-60.737,-32.344],[-60.714,-32.324],[-60.683,-32.324],[-60.673,-32.234],[-60.681,-32.211],[-60.704,-32.181],[-60.704,-32.147],[-60.663,-32.096],[-60.659,-32.071],[-60.675,-32.045],[-60.672,-31.997],[-60.691,-31.969],[-60.694,-31.946],[-60.66,-31.917],[-60.652,-31.898],[-60.657,-31.842],[-60.677,-31.82],[-60.667,-31.798],[-60.639,-31.777],[-60.636,-31.742],[-60.569,-31.7],[-60.545,-31.697],[-60.501,-31.703],[-60.476,-31.698],[-60.335,-31.607],[-60.331,-31.579],[-60.341,-31.564],[-60.314,-31.538],[-60.247,-31.531],[-60.212,-31.5],[-60.19,-31.465],[-60.147,-31.445],[-60.112,-31.408],[-60.084,-31.34],[-60.092,-31.295],[-60.072,-31.276],[-60.028,-31.26],[-60.004,-31.239],[-59.975,-31.175],[-59.886,-31.065],[-59.834,-30.981],[-59.816,-30.942],[-59.76,-30.9],[-59.721,-30.849],[-59.678,-30.762],[-59.636,-30.721],[-59.628,-30.695],[-59.65,-30.663],[-59.661,-30.63],[-59.651,-30.591],[-59.653,-30.486],[-59.69,-30.456],[-59.699,-30.421],[-59.687,-30.398],[-59.674,-30.344]]]}},{"type":"Feature","properties":{"code":"AR-F","name":"La Rioja"},"geometry":{"type":"Polygon","coordinates":[[[-69.634,-28.389],[-69.621,-28.374],[-69.59,-28.38],[-69.59,-28.362],[-69.562,-28.344],[-69.532,-28.335],[-69.503,-28.286],[-69.502,-28.263],[-69.476,-28.239],[-69.48,-28.224],[-69.457,-28.184],[-69.428,-28.204],[-69.384,-28.213],[-69.38,-28.181],[-69.364,-28.18],[-69.328,-28.156],[-69.302,-28.11],[-69.299,-28.07],[-69.264,-28.047],[-69.267,-28.01],[-69.253,-27.991],[-69.21,-27.965],[-69.182,-27.972],[-69.156,-27.948],[-69.156,-27.933],[-69.134,-27.909],[-69.131,-27.869],[-69.113,-27.855],[-69.095,-27.795],[-68.799,-27.756],[-68.785,-27.768],[-68.722,-27.792],[-68.716,-27.815],[-68.666,-27.81],[-68.63,-27.794],[-68.609,-27.799],[-68.588,-27.819],[-68.567,-27.783],[-68.562,-27.735],[-68.534,-27.734],[-68.54,-27.781],[-68.515,-27.838],[-68.458,-27.852],[-68.44,-27.874],[-68.441,-27.897],[-68.454,-27.937],[-68.45,-27.949],[-68.457,-28.015],[-68.44,-28.025],[-68.411,-28.007],[-68.352,-28.017],[-68.336,-28.038],[-68.312,-28.024],[-68.29,-28.032],[-68.296,-28.063],[-68.29,-28.081],[-68.269,-28.094],[-68.246,-28.071],[-68.234,-28.082],[-68.183,-28.086],[-68.165,-28.108],[-68.141,-28.102],[-68.123,-28.152],[-68.107,-28.173],[-68.071,-28.163],[-68.054,-28.14],[-68.034,-28.145],[-68.022,-28.125],[-67.957,-28.11],[-67.924,-28.11],[-67.927,-28.154],[-67.913,-28.185],[-67.912,-28.209],[-67.895,-28.257],[-67.874,-28.269],[-67.872,-28.285],[-67.841,-28.314],[-67.848,-28.369],[-67.816,-28.376],[-67.802,-28.348],[-67.756,-28.353],[-67.761,-28.33],[-67.685,-28.313],[-67.377,-28.384],[-67.156,-28.384],[-67.075,-28.27],[-66.999,-28.255],[-66.99,-28.263],[-66.571,-28.289],[-66.515,-28.462],[-66.517,-28.484],[-66.531,-28.532],[-66.496,-28.531],[-66.496,-28.622],[-66.398,-28.675],[-66.373,-28.718],[-66.352,-28.721],[-66.366,-28.746],[-66.382,-28.792],[-66.411,-28.815],[-66.391,-28.868],[-66.368,-28.866],[-66.314,-28.887],[-66.275,-28.893],[-66.099,-28.944],[-65.946,-29.079],[-65.928,-29.081],[-65.815,-29.181],[-65.815,-29.27],[-65.748,-29.27],[-65.717,-29.328],[-65.719,-29.412],[-65.606,-29.675],[-65.545,-29.828],[-65.399,-30.125],[-65.519,-30.476],[-65.573,-30.607],[-65.599,-30.656],[-65.641,-30.753],[-65.771,-31.043],[-65.771,-31.262],[-65.77,-31.509],[-65.77,-31.889],[-65.856,-31.9],[-65.887,-31.91],[-65.915,-31.91],[-65.979,-31.889],[-66.071,-31.937],[-66.079,-31.97],[-66.141,-31.938],[-66.161,-31.939],[-66.158,-31.964],[-66.233,-31.94],[-66.3,-31.931],[-66.333,-31.938],[-66.355,-31.99],[-66.394,-31.985],[-66.569,-31.949],[-66.605,-31.934],[-66.605,-31.923],[-66.661,-31.924],[-66.683,-31.882],[-66.717,-31.843],[-66.815,-31.787],[-66.829,-31.745],[-66.856,-31.71],[-66.868,-31.663],[-66.867,-31.633],[-66.95,-31.633],[-67.006,-31.615],[-67.034,-31.59],[-67.021,-31.519],[-67.06,-31.473],[-67.08,-31.461],[-67.083,-31.434],[-67.1,-31.383],[-67.067,-31.083],[-67.117,-31.017],[-67.083,-30.917],[-67.13,-30.859],[-67.139,-30.8],[-67.165,-30.774],[-67.178,-30.731],[-67.209,-30.701],[-67.224,-30.661],[-67.242,-30.641],[-67.272,-30.586],[-67.358,-30.561],[-67.395,-30.556],[-67.472,-30.556],[-67.525,-30.508],[-67.551,-30.47],[-67.581,-30.406],[-67.579,-30.383],[-67.592,-30.329],[-67.59,-30.298],[-67.675,-30.235],[-67.686,-30.215],[-67.816,-30.128],[-67.835,-30.107],[-67.854,-30.1],[-67.89,-30.066],[-67.991,-29.986],[-68.012,-29.952],[-68.052,-29.901],[-68.073,-29.891],[-68.122,-29.884],[-68.148,-29.89],[-68.18,-29.856],[-68.186,-29.802],[-68.199,-29.781],[-68.254,-29.781],[-68.259,-29.747],[-68.34,-29.705],[-68.482,-29.65],[-68.594,-29.641],[-68.686,-29.641],[-68.727,-29.624],[-68.758,-29.633],[-68.793,-29.622],[-68.863,-29.635],[-68.887,-29.621],[-68.934,-29.625],[-68.934,-29.645],[-68.955,-29.657],[-69.013,-29.648],[-69.022,-29.595],[-69.032,-29.582],[-69.031,-29.524],[-69.005,-29.483],[-68.986,-29.478],[-68.973,-29.444],[-68.978,-29.424],[-69.002,-29.402],[-68.991,-29.378],[-68.973,-29.366],[-68.985,-29.326],[-68.964,-29.312],[-68.961,-29.288],[-68.989,-29.274],[-68.993,-29.256],[-68.979,-29.229],[-68.99,-29.221],[-69,-29.184],[-68.964,-29.148],[-68.955,-29.169],[-68.932,-29.156],[-68.938,-29.128],[-68.918,-29.069],[-68.922,-29.041],[-68.937,-29.017],[-68.929,-28.992],[-68.96,-28.954],[-68.946,-28.914],[-68.931,-28.905],[-68.925,-28.881],[-68.939,-28.872],[-68.93,-28.84],[-69.16,-28.766],[-69.171,-28.738],[-69.2,-28.707],[-69.218,-28.647],[-69.214,-28.603],[-69.184,-28.587],[-69.325,-28.424],[-69.387,-28.451],[-69.43,-28.451],[-69.47,-28.415],[-69.501,-28.418],[-69.511,-28.43],[-69.551,-28.407],[-69.571,-28.405],[-69.606,-28.419],[-69.634,-28.389]]]}},{"type":"Feature","properties":{"code":"AR-G","name":"Santiago del Estero"},"geometry":{"type":"Polygon","coordinates":[[[-65.171,-27.946],[-65.168,-27.907],[-65.09,-27.894],[-65.04,-27.879],[-65.016,-27.791],[-65.033,-27.739],[-64.988,-27.734],[-65.03,-27.587],[-65.012,-27.571],[-64.988,-27.566],[-64.956,-27.546],[-64.989,-27.493],[-65.012,-27.466],[-64.933,-27.345],[-64.855,-27.318],[-64.811,-27.149],[-64.798,-27.151],[-64.781,-27.076],[-64.771,-27.078],[-64.749,-27.005],[-64.761,-27.003],[-64.753,-26.966],[-64.711,-26.974],[-64.672,-26.8],[-64.622,-26.809],[-64.59,-26.661],[-64.505,-26.677],[-64.509,-26.549],[-64.521,-26.548],[-64.517,-26.489],[-64.534,-26.409],[-64.529,-26.37],[-64.482,-26.307],[-64.503,-26.239],[-64.495,-26.219],[-64.425,-26.116],[-64.412,-26.113],[-64.397,-26.046],[-64.404,-26.031],[-64.268,-25.701],[-64.197,-25.71],[-64.196,-25.727],[-64.025,-25.753],[-64.008,-25.673],[-63.878,-25.685],[-63.66,-25.685],[-63.567,-25.709],[-63.476,-25.71],[-63.422,-25.649],[-62.967,-25.65],[-62.632,-25.65],[-62.223,-25.65],[-61.716,-25.65],[-61.716,-26.031],[-61.713,-26.134],[-61.712,-26.241],[-61.716,-26.314],[-61.717,-26.645],[-61.717,-26.929],[-61.716,-27.138],[-61.713,-27.716],[-61.712,-27.999],[-61.739,-28.167],[-61.804,-28.552],[-61.833,-28.725],[-61.877,-28.988],[-61.928,-29.288],[-61.966,-29.512],[-62.017,-29.811],[-62.053,-30.02],[-62.114,-30.376],[-62.131,-30.48],[-62.159,-30.35],[-62.17,-30.281],[-62.322,-30.283],[-62.565,-30.288],[-62.594,-30.26],[-62.59,-30.227],[-62.601,-30.193],[-62.593,-30.155],[-62.57,-30.129],[-62.557,-30.063],[-62.605,-30.06],[-62.632,-30.044],[-62.66,-30.053],[-62.676,-30.036],[-62.661,-30.019],[-62.662,-29.998],[-62.725,-29.991],[-62.751,-29.967],[-62.787,-29.964],[-62.785,-29.946],[-62.799,-29.911],[-62.82,-29.902],[-62.835,-29.854],[-62.806,-29.834],[-63.254,-29.781],[-63.46,-29.757],[-63.46,-29.726],[-63.48,-29.726],[-63.465,-29.664],[-63.554,-29.664],[-63.582,-29.658],[-63.637,-29.656],[-63.677,-29.665],[-63.715,-29.662],[-63.749,-29.652],[-63.745,-29.629],[-63.763,-29.617],[-63.796,-29.615],[-63.784,-29.584],[-63.841,-29.579],[-63.874,-29.631],[-63.962,-29.624],[-63.976,-29.589],[-63.981,-29.551],[-64.082,-29.53],[-64.275,-29.499],[-64.536,-29.533],[-64.825,-29.574],[-64.831,-29.512],[-64.821,-29.457],[-64.796,-29.435],[-64.788,-29.4],[-64.814,-29.378],[-64.842,-29.334],[-64.842,-29.312],[-64.825,-29.274],[-64.791,-29.273],[-64.785,-29.262],[-64.841,-29.224],[-64.854,-29.198],[-64.854,-29.071],[-64.864,-29.06],[-64.863,-29.016],[-64.907,-28.932],[-64.912,-28.887],[-64.901,-28.839],[-64.936,-28.806],[-64.979,-28.789],[-65.001,-28.766],[-65.017,-28.739],[-65.127,-28.716],[-65.139,-28.657],[-65.188,-28.619],[-65.185,-28.601],[-65.126,-28.612],[-65.097,-28.471],[-65.104,-28.322],[-65.112,-28.186],[-65.171,-27.946]]]}},{"type":"Feature","properties":{"code":"AR-H","name":"Chaco"},"geometry":{"type":"Polygon","coordinates":[[[-63.422,-25.649],[-63.248,-25.446],[-63.16,-25.346],[-63.074,-25.244],[-62.895,-25.037],[-62.717,-24.832],[-62.636,-24.736],[-62.343,-24.392],[-62.342,-24.109],[-62.333,-24.081],[-62.31,-24.098],[-62.303,-24.118],[-62.267,-24.137],[-62.222,-24.144],[-62.169,-24.168],[-62.167,-24.199],[-62.135,-24.203],[-62.14,-24.22],[-62.079,-24.2],[-62.056,-24.212],[-62.042,-24.24],[-62.016,-24.228],[-61.962,-24.231],[-61.955,-24.26],[-61.92,-24.267],[-61.916,-24.301],[-61.883,-24.296],[-61.87,-24.313],[-61.807,-24.32],[-61.786,-24.333],[-61.769,-24.306],[-61.712,-24.378],[-61.7,-24.409],[-61.656,-24.433],[-61.608,-24.424],[-61.581,-24.445],[-61.597,-24.48],[-61.577,-24.495],[-61.55,-24.499],[-61.519,-24.517],[-61.525,-24.535],[-61.513,-24.552],[-61.478,-24.581],[-61.461,-24.609],[-61.434,-24.618],[-61.381,-24.614],[-61.345,-24.639],[-61.298,-24.627],[-61.249,-24.644],[-61.23,-24.639],[-61.202,-24.657],[-61.205,-24.698],[-61.153,-24.742],[-61.158,-24.777],[-61.13,-24.82],[-61.092,-24.851],[-61.072,-24.873],[-61.05,-24.884],[-61.021,-24.921],[-60.937,-24.96],[-60.938,-25],[-60.871,-25.021],[-60.802,-25.065],[-60.776,-25.072],[-60.764,-25.092],[-60.734,-25.116],[-60.686,-25.125],[-60.655,-25.124],[-60.67,-25.147],[-60.661,-25.158],[-60.617,-25.167],[-60.602,-25.161],[-60.574,-25.192],[-60.544,-25.186],[-60.534,-25.17],[-60.494,-25.209],[-60.482,-25.237],[-60.444,-25.261],[-60.425,-25.309],[-60.401,-25.313],[-60.346,-25.339],[-60.351,-25.354],[-60.327,-25.4],[-60.307,-25.422],[-60.277,-25.44],[-60.266,-25.46],[-60.225,-25.483],[-60.22,-25.525],[-60.24,-25.555],[-60.217,-25.563],[-60.212,-25.603],[-60.178,-25.639],[-60.108,-25.662],[-60.092,-25.673],[-60.039,-25.684],[-60.018,-25.696],[-60.019,-25.723],[-59.979,-25.74],[-59.962,-25.774],[-59.929,-25.77],[-59.92,-25.794],[-59.882,-25.805],[-59.856,-25.846],[-59.776,-25.916],[-59.751,-25.921],[-59.747,-25.968],[-59.667,-26.024],[-59.677,-26.053],[-59.68,-26.088],[-59.669,-26.113],[-59.627,-26.131],[-59.617,-26.118],[-59.568,-26.149],[-59.515,-26.145],[-59.476,-26.163],[-59.439,-26.15],[-59.413,-26.168],[-59.414,-26.224],[-59.383,-26.281],[-59.39,-26.299],[-59.378,-26.321],[-59.352,-26.338],[-59.316,-26.322],[-59.277,-26.35],[-59.235,-26.343],[-59.205,-26.328],[-59.182,-26.306],[-59.14,-26.299],[-59.145,-26.323],[-59.079,-26.36],[-59.065,-26.375],[-59.042,-26.366],[-59.023,-26.382],[-59.004,-26.376],[-58.955,-26.399],[-58.939,-26.434],[-58.91,-26.463],[-58.864,-26.477],[-58.856,-26.51],[-58.845,-26.52],[-58.77,-26.539],[-58.742,-26.604],[-58.687,-26.596],[-58.684,-26.627],[-58.653,-26.66],[-58.628,-26.663],[-58.616,-26.678],[-58.576,-26.696],[-58.558,-26.729],[-58.516,-26.76],[-58.497,-26.789],[-58.473,-26.81],[-58.42,-26.837],[-58.394,-26.838],[-58.378,-26.877],[-58.386,-26.893],[-58.454,-26.927],[-58.494,-26.94],[-58.474,-26.974],[-58.474,-27.004],[-58.502,-26.995],[-58.52,-27.004],[-58.5,-27.04],[-58.541,-27.034],[-58.554,-27.059],[-58.554,-27.107],[-58.62,-27.112],[-58.649,-27.127],[-58.663,-27.183],[-58.648,-27.197],[-58.61,-27.212],[-58.592,-27.23],[-58.593,-27.259],[-58.608,-27.283],[-58.599,-27.3],[-58.626,-27.327],[-58.673,-27.354],[-58.725,-27.374],[-58.767,-27.372],[-58.794,-27.394],[-58.812,-27.436],[-58.858,-27.462],[-58.877,-27.491],[-58.885,-27.535],[-58.871,-27.562],[-58.883,-27.609],[-58.838,-27.649],[-58.813,-27.692],[-58.813,-27.776],[-58.821,-27.855],[-58.834,-27.873],[-58.849,-27.926],[-58.832,-27.957],[-58.84,-27.988],[-58.862,-28.024],[-58.86,-28.058],[-58.902,-28.084],[-58.895,-28.045],[-58.899,-28.001],[-59.381,-28.001],[-59.759,-28.001],[-60.217,-28.001],[-60.569,-28],[-60.817,-27.999],[-61.184,-27.998],[-61.407,-28],[-61.712,-27.999],[-61.713,-27.716],[-61.716,-27.138],[-61.717,-26.929],[-61.717,-26.645],[-61.716,-26.314],[-61.712,-26.241],[-61.713,-26.134],[-61.716,-26.031],[-61.716,-25.65],[-62.223,-25.65],[-62.632,-25.65],[-62.967,-25.65],[-63.422,-25.649]]]}},{"type":"Feature","properties":{"code":"AR-J","name":"San Juan"},"geometry":{"type":"Polygon","coordinates":[[[-69.953,-29.499],[-69.96,-29.471],[-69.981,-29.452],[-69.967,-29.415],[-70.007,-29.398],[-70.022,-29.384],[-70.011,-29.352],[-70.02,-29.33],[-69.997,-29.304],[-69.985,-29.277],[-69.946,-29.263],[-69.936,-29.246],[-69.951,-29.222],[-69.933,-29.189],[-69.905,-29.17],[-69.883,-29.144],[-69.839,-29.129],[-69.787,-29.13],[-69.785,-29.101],[-69.796,-29.082],[-69.787,-29.029],[-69.754,-28.957],[-69.767,-28.924],[-69.763,-28.894],[-69.746,-28.882],[-69.744,-28.852],[-69.727,-28.847],[-69.706,-28.804],[-69.706,-28.782],[-69.693,-28.771],[-69.703,-28.75],[-69.729,-28.736],[-69.727,-28.671],[-69.704,-28.643],[-69.695,-28.599],[-69.665,-28.581],[-69.67,-28.555],[-69.651,-28.532],[-69.664,-28.521],[-69.665,-28.482],[-69.681,-28.471],[-69.657,-28.445],[-69.642,-28.442],[-69.65,-28.396],[-69.634,-28.389],[-69.606,-28.419],[-69.571,-28.405],[-69.551,-28.407],[-69.511,-28.43],[-69.501,-28.418],[-69.47,-28.415],[-69.43,-28.451],[-69.387,-28.451],[-69.325,-28.424],[-69.184,-28.587],[-69.214,-28.603],[-69.218,-28.647],[-69.2,-28.707],[-69.171,-28.738],[-69.16,-28.766],[-68.93,-28.84],[-68.939,-28.872],[-68.925,-28.881],[-68.931,-28.905],[-68.946,-28.914],[-68.96,-28.954],[-68.929,-28.992],[-68.937,-29.017],[-68.922,-29.041],[-68.918,-29.069],[-68.938,-29.128],[-68.932,-29.156],[-68.955,-29.169],[-68.964,-29.148],[-69,-29.184],[-68.99,-29.221],[-68.979,-29.229],[-68.993,-29.256],[-68.989,-29.274],[-68.961,-29.288],[-68.964,-29.312],[-68.985,-29.326],[-68.973,-29.366],[-68.991,-29.378],[-69.002,-29.402],[-68.978,-29.424],[-68.973,-29.444],[-68.986,-29.478],[-69.005,-29.483],[-69.031,-29.524],[-69.032,-29.582],[-69.022,-29.595],[-69.013,-29.648],[-68.955,-29.657],[-68.934,-29.645],[-68.934,-29.625],[-68.887,-29.621],[-68.863,-29.635],[-68.793,-29.622],[-68.758,-29.633],[-68.727,-29.624],[-68.686,-29.641],[-68.594,-29.641],[-68.482,-29.65],[-68.34,-29.705],[-68.259,-29.747],[-68.254,-29.781],[-68.199,-29.781],[-68.186,-29.802],[-68.18,-29.856],[-68.148,-29.89],[-68.122,-29.884],[-68.073,-29.891],[-68.052,-29.901],[-68.012,-29.952],[-67.991,-29.986],[-67.89,-30.066],[-67.854,-30.1],[-67.835,-30.107],[-67.816,-30.128],[-67.686,-30.215],[-67.675,-30.235],[-67.59,-30.298],[-67.592,-30.329],[-67.579,-30.383],[-67.581,-30.406],[-67.551,-30.47],[-67.525,-30.508],[-67.472,-30.556],[-67.395,-30.556],[-67.358,-30.561],[-67.272,-30.586],[-67.242,-30.641],[-67.224,-30.661],[-67.209,-30.701],[-67.178,-30.731],[-67.165,-30.774],[-67.139,-30.8],[-67.13,-30.859],[-67.083,-30.917],[-67.117,-31.017],[-67.067,-31.083],[-67.1,-31.383],[-67.083,-31.434],[-67.08,-31.461],[-67.06,-31.473],[-67.021,-31.519],[-67.034,-31.59],[-67.006,-31.615],[-66.95,-31.633],[-66.867,-31.633],[-66.868,-31.663],[-66.856,-31.71],[-66.829,-31.745],[-66.815,-31.787],[-66.717,-31.843],[-66.683,-31.882],[-66.661,-31.924],[-66.749,-31.917],[-66.79,-31.917],[-66.82,-31.907],[-66.904,-31.89],[-67.006,-31.855],[-67.05,-31.857],[-67.137,-31.834],[-67.239,-31.881],[-67.274,-31.873],[-67.464,-31.859],[-67.438,-31.941],[-67.44,-32.005],[-67.453,-32.057],[-67.475,-32.107],[-67.471,-32.133],[-67.43,-32.199],[-67.371,-32.246],[-67.278,-32.292],[-67.265,-32.36],[-67.33,-32.359],[-67.355,-32.352],[-67.382,-32.33],[-67.396,-32.333],[-67.452,-32.319],[-67.484,-32.294],[-67.485,-32.275],[-67.504,-32.239],[-67.525,-32.228],[-67.561,-32.242],[-67.6,-32.244],[-67.666,-32.233],[-67.723,-32.242],[-67.742,-32.223],[-67.781,-32.235],[-67.836,-32.222],[-67.875,-32.196],[-67.884,-32.181],[-67.918,-32.173],[-67.935,-32.135],[-67.958,-32.12],[-67.982,-32.092],[-68.006,-32.08],[-68.024,-32.087],[-68.06,-32.074],[-68.085,-32.092],[-68.152,-32.119],[-68.171,-32.109],[-68.216,-32.118],[-68.248,-32.092],[-68.301,-32.138],[-68.463,-32.138],[-68.463,-32.238],[-68.665,-32.337],[-68.917,-32.337],[-68.917,-32.131],[-68.988,-32.121],[-69.017,-32.113],[-69.028,-32.092],[-69.085,-32.054],[-69.096,-32.03],[-69.128,-31.999],[-69.184,-31.999],[-69.244,-32.016],[-69.262,-32.033],[-69.267,-32.056],[-69.314,-32.091],[-69.383,-32.065],[-69.456,-32.075],[-69.478,-32.111],[-69.535,-32.142],[-69.567,-32.132],[-69.597,-32.141],[-69.619,-32.237],[-69.63,-32.262],[-69.651,-32.269],[-69.68,-32.303],[-69.725,-32.317],[-69.733,-32.39],[-69.698,-32.41],[-69.695,-32.467],[-69.706,-32.497],[-69.726,-32.497],[-69.766,-32.518],[-69.792,-32.547],[-69.825,-32.546],[-69.825,-32.564],[-69.9,-32.562],[-69.929,-32.542],[-69.963,-32.547],[-69.98,-32.532],[-70.003,-32.529],[-70.063,-32.626],[-70.091,-32.617],[-70.091,-32.602],[-70.126,-32.576],[-70.123,-32.535],[-70.141,-32.499],[-70.149,-32.466],[-70.236,-32.429],[-70.238,-32.403],[-70.221,-32.379],[-70.229,-32.365],[-70.222,-32.325],[-70.249,-32.305],[-70.319,-32.273],[-70.322,-32.259],[-70.306,-32.232],[-70.301,-32.207],[-70.317,-32.177],[-70.305,-32.143],[-70.342,-32.11],[-70.347,-32.094],[-70.335,-32.07],[-70.388,-32.044],[-70.377,-32.025],[-70.353,-32.026],[-70.322,-32.05],[-70.289,-32.052],[-70.284,-32.039],[-70.249,-32.024],[-70.25,-31.993],[-70.208,-31.978],[-70.209,-31.961],[-70.241,-31.918],[-70.263,-31.911],[-70.272,-31.891],[-70.315,-31.881],[-70.345,-31.887],[-70.392,-31.879],[-70.441,-31.85],[-70.455,-31.849],[-70.468,-31.774],[-70.463,-31.729],[-70.468,-31.701],[-70.488,-31.69],[-70.513,-31.69],[-70.507,-31.652],[-70.532,-31.638],[-70.567,-31.583],[-70.553,-31.51],[-70.567,-31.5],[-70.57,-31.473],[-70.552,-31.455],[-70.56,-31.423],[-70.53,-31.376],[-70.543,-31.342],[-70.545,-31.306],[-70.527,-31.278],[-70.517,-31.234],[-70.523,-31.19],[-70.498,-31.125],[-70.465,-31.104],[-70.456,-31.084],[-70.432,-31.102],[-70.415,-31.134],[-70.408,-31.166],[-70.377,-31.153],[-70.361,-31.134],[-70.369,-31.111],[-70.319,-31.043],[-70.276,-31.048],[-70.303,-30.996],[-70.298,-30.962],[-70.314,-30.955],[-70.321,-30.924],[-70.293,-30.843],[-70.278,-30.81],[-70.291,-30.8],[-70.273,-30.781],[-70.27,-30.747],[-70.246,-30.729],[-70.259,-30.7],[-70.247,-30.635],[-70.226,-30.606],[-70.221,-30.582],[-70.18,-30.511],[-70.195,-30.492],[-70.137,-30.459],[-70.117,-30.431],[-70.144,-30.372],[-70.156,-30.362],[-70.145,-30.34],[-70.103,-30.356],[-70.07,-30.391],[-70.019,-30.396],[-69.989,-30.379],[-69.955,-30.386],[-69.935,-30.358],[-69.903,-30.343],[-69.886,-30.219],[-69.866,-30.212],[-69.835,-30.219],[-69.82,-30.177],[-69.83,-30.163],[-69.809,-30.146],[-69.831,-30.126],[-69.847,-30.131],[-69.868,-30.113],[-69.905,-30.106],[-69.933,-30.121],[-69.944,-30.095],[-69.966,-30.085],[-69.961,-30.069],[-69.912,-30.028],[-69.926,-30],[-69.899,-29.958],[-69.908,-29.927],[-69.89,-29.903],[-69.896,-29.879],[-69.878,-29.862],[-69.9,-29.839],[-69.894,-29.819],[-69.913,-29.807],[-69.893,-29.768],[-69.897,-29.753],[-69.88,-29.734],[-69.882,-29.709],[-69.922,-29.684],[-69.942,-29.646],[-69.941,-29.613],[-69.931,-29.584],[-69.956,-29.535],[-69.953,-29.499]]]}},{"type":"Feature","properties":{"code":"AR-K","name":"Catamarca"},"geometry":{"type":"Polygon","coordinates":[[[-69.095,-27.795],[-69.089,-27.786],[-69.093,-27.718],[-69.045,-27.699],[-69.042,-27.681],[-69.061,-27.665],[-69.053,-27.617],[-69.024,-27.586],[-69.004,-27.583],[-68.977,-27.561],[-68.972,-27.543],[-68.943,-27.515],[-68.964,-27.468],[-68.989,-27.451],[-68.967,-27.43],[-68.937,-27.444],[-68.898,-27.381],[-68.891,-27.354],[-68.869,-27.317],[-68.85,-27.316],[-68.825,-27.294],[-68.868,-27.261],[-68.87,-27.239],[-68.856,-27.229],[-68.857,-27.189],[-68.841,-27.155],[-68.808,-27.146],[-68.778,-27.099],[-68.751,-27.113],[-68.734,-27.102],[-68.669,-27.104],[-68.655,-27.136],[-68.618,-27.17],[-68.607,-27.159],[-68.573,-27.175],[-68.557,-27.114],[-68.54,-27.11],[-68.496,-27.135],[-68.477,-27.121],[-68.473,-27.084],[-68.454,-27.095],[-68.432,-27.065],[-68.402,-27.065],[-68.348,-27.034],[-68.299,-27.039],[-68.315,-26.974],[-68.292,-26.952],[-68.281,-26.904],[-68.299,-26.874],[-68.348,-26.814],[-68.365,-26.801],[-68.499,-26.617],[-68.587,-26.493],[-68.566,-26.319],[-68.558,-26.287],[-68.515,-26.26],[-68.381,-26.178],[-68.446,-25.864],[-68.479,-25.708],[-68.486,-25.692],[-68.512,-25.673],[-68.519,-25.642],[-68.542,-25.639],[-68.541,-25.597],[-68.525,-25.567],[-68.548,-25.525],[-68.573,-25.494],[-68.586,-25.428],[-68.544,-25.385],[-68.523,-25.374],[-68.521,-25.332],[-68.546,-25.299],[-68.543,-25.272],[-68.528,-25.229],[-68.509,-25.223],[-68.507,-25.169],[-68.266,-25.194],[-67.864,-25.238],[-67.567,-25.24],[-67.269,-25.242],[-67.047,-25.243],[-66.879,-25.241],[-66.559,-25.299],[-66.58,-25.319],[-66.599,-25.363],[-66.59,-25.372],[-66.555,-25.369],[-66.534,-25.376],[-66.52,-25.449],[-66.536,-25.466],[-66.532,-25.501],[-66.543,-25.522],[-66.537,-25.538],[-66.565,-25.567],[-66.572,-25.586],[-66.564,-25.621],[-66.603,-25.627],[-66.631,-25.659],[-66.649,-25.712],[-66.691,-25.704],[-66.759,-25.706],[-66.813,-25.7],[-66.843,-25.713],[-66.871,-25.766],[-66.851,-25.781],[-66.843,-25.882],[-66.852,-25.913],[-66.844,-25.972],[-66.807,-26.017],[-66.746,-26.063],[-66.698,-26.082],[-66.661,-26.077],[-66.648,-26.11],[-66.626,-26.127],[-66.62,-26.144],[-66.6,-26.147],[-66.573,-26.185],[-66.577,-26.197],[-66.568,-26.249],[-66.539,-26.266],[-66.561,-26.292],[-66.54,-26.352],[-66.508,-26.365],[-66.461,-26.364],[-66.382,-26.417],[-66.355,-26.352],[-66.34,-26.339],[-66.331,-26.304],[-66.302,-26.271],[-66.292,-26.229],[-66.267,-26.195],[-66.244,-26.177],[-66.231,-26.149],[-66.196,-26.131],[-66.171,-26.134],[-66.142,-26.159],[-66.1,-26.22],[-66.103,-26.26],[-66.118,-26.264],[-66.122,-26.305],[-66.114,-26.343],[-66.119,-26.377],[-66.153,-26.396],[-66.161,-26.419],[-66.153,-26.436],[-66.178,-26.483],[-66.165,-26.535],[-66.176,-26.578],[-66.168,-26.601],[-66.172,-26.629],[-66.044,-26.6],[-65.972,-26.645],[-65.833,-26.738],[-65.854,-26.76],[-65.875,-26.82],[-65.894,-26.842],[-65.901,-26.864],[-65.858,-26.901],[-65.858,-26.929],[-65.875,-26.933],[-65.891,-26.975],[-65.912,-26.981],[-65.913,-27.007],[-65.966,-27.035],[-65.978,-27.088],[-65.991,-27.106],[-66.021,-27.114],[-66.055,-27.144],[-66.078,-27.209],[-66.111,-27.216],[-66.133,-27.241],[-66.117,-27.266],[-66.066,-27.292],[-66.03,-27.298],[-65.994,-27.315],[-65.972,-27.334],[-65.965,-27.382],[-65.974,-27.415],[-65.974,-27.503],[-65.966,-27.543],[-65.944,-27.595],[-65.931,-27.64],[-65.915,-27.669],[-65.875,-27.673],[-65.848,-27.751],[-65.828,-27.819],[-65.803,-27.816],[-65.794,-27.784],[-65.804,-27.768],[-65.758,-27.766],[-65.718,-27.802],[-65.699,-27.836],[-65.699,-27.89],[-65.672,-27.93],[-65.668,-27.97],[-65.618,-27.971],[-65.613,-27.991],[-65.576,-28.014],[-65.528,-27.972],[-65.523,-27.949],[-65.501,-27.924],[-65.472,-27.914],[-65.442,-27.89],[-65.419,-27.887],[-65.361,-27.829],[-65.288,-27.871],[-65.171,-27.946],[-65.112,-28.186],[-65.104,-28.322],[-65.097,-28.471],[-65.126,-28.612],[-65.185,-28.601],[-65.188,-28.619],[-65.139,-28.657],[-65.127,-28.716],[-65.017,-28.739],[-65.001,-28.766],[-64.979,-28.789],[-64.936,-28.806],[-64.901,-28.839],[-64.912,-28.887],[-64.907,-28.932],[-64.863,-29.016],[-64.864,-29.06],[-64.854,-29.071],[-64.854,-29.198],[-64.841,-29.224],[-64.785,-29.262],[-64.791,-29.273],[-64.825,-29.274],[-64.842,-29.312],[-64.842,-29.334],[-64.814,-29.378],[-64.788,-29.4],[-64.796,-29.435],[-64.821,-29.457],[-64.831,-29.512],[-64.825,-29.574],[-64.95,-29.589],[-64.898,-29.885],[-64.989,-29.962],[-65.119,-30.075],[-65.399,-30.125],[-65.545,-29.828],[-65.606,-29.675],[-65.719,-29.412],[-65.717,-29.328],[-65.748,-29.27],[-65.815,-29.27],[-65.815,-29.181],[-65.928,-29.081],[-65.946,-29.079],[-66.099,-28.944],[-66.275,-28.893],[-66.314,-28.887],[-66.368,-28.866],[-66.391,-28.868],[-66.411,-28.815],[-66.382,-28.792],[-66.366,-28.746],[-66.352,-28.721],[-66.373,-28.718],[-66.398,-28.675],[-66.496,-28.622],[-66.496,-28.531],[-66.531,-28.532],[-66.517,-28.484],[-66.515,-28.462],[-66.571,-28.289],[-66.99,-28.263],[-66.999,-28.255],[-67.075,-28.27],[-67.156,-28.384],[-67.377,-28.384],[-67.685,-28.313],[-67.761,-28.33],[-67.756,-28.353],[-67.802,-28.348],[-67.816,-28.376],[-67.848,-28.369],[-67.841,-28.314],[-67.872,-28.285],[-67.874,-28.269],[-67.895,-28.257],[-67.912,-28.209],[-67.913,-28.185],[-67.927,-28.154],[-67.924,-28.11],[-67.957,-28.11],[-68.022,-28.125],[-68.034,-28.145],[-68.054,-28.14],[-68.071,-28.163],[-68.107,-28.173],[-68.123,-28.152],[-68.141,-28.102],[-68.165,-28.108],[-68.183,-28.086],[-68.234,-28.082],[-68.246,-28.071],[-68.269,-28.094],[-68.29,-28.081],[-68.296,-28.063],[-68.29,-28.032],[-68.312,-28.024],[-68.336,-28.038],[-68.352,-28.017],[-68.411,-28.007],[-68.44,-28.025],[-68.457,-28.015],[-68.45,-27.949],[-68.454,-27.937],[-68.441,-27.897],[-68.44,-27.874],[-68.458,-27.852],[-68.515,-27.838],[-68.54,-27.781],[-68.534,-27.734],[-68.562,-27.735],[-68.567,-27.783],[-68.588,-27.819],[-68.609,-27.799],[-68.63,-27.794],[-68.666,-27.81],[-68.716,-27.815],[-68.722,-27.792],[-68.785,-27.768],[-68.799,-27.756],[-69.095,-27.795]]]}},{"type":"Feature","properties":{"code":"AR-L","name":"La Pampa"},"geometry":{"type":"Polygon","coordinates":[[[-66.638,-36.001],[-66.24,-36],[-65.854,-36],[-65.469,-36],[-65.108,-35.999],[-65.105,-35.891],[-65.105,-35.695],[-65.106,-35.354],[-65.105,-35.015],[-64.588,-35.012],[-64.246,-35.011],[-64.147,-35.009],[-63.933,-35.008],[-63.472,-35.004],[-63.386,-35.002],[-63.386,-35.303],[-63.386,-35.579],[-63.385,-36.052],[-63.386,-36.277],[-63.385,-36.666],[-63.385,-36.991],[-63.385,-37.44],[-63.386,-37.86],[-63.386,-38.06],[-63.385,-38.369],[-63.385,-38.707],[-63.384,-39.061],[-63.383,-39.329],[-63.433,-39.331],[-63.481,-39.311],[-63.505,-39.314],[-63.537,-39.298],[-63.538,-39.281],[-63.567,-39.259],[-63.626,-39.249],[-63.633,-39.229],[-63.669,-39.223],[-63.733,-39.186],[-63.764,-39.154],[-63.758,-39.129],[-63.792,-39.121],[-63.824,-39.129],[-63.842,-39.109],[-63.901,-39.105],[-63.929,-39.066],[-63.958,-39.046],[-63.999,-39.035],[-64.01,-39.003],[-64.083,-38.99],[-64.127,-38.968],[-64.154,-38.962],[-64.226,-38.927],[-64.313,-38.905],[-64.367,-38.883],[-64.407,-38.882],[-64.424,-38.872],[-64.481,-38.865],[-64.512,-38.869],[-64.536,-38.859],[-64.588,-38.859],[-64.622,-38.853],[-64.672,-38.834],[-64.738,-38.841],[-64.81,-38.816],[-64.829,-38.826],[-64.877,-38.815],[-64.891,-38.827],[-64.925,-38.834],[-64.957,-38.823],[-65.031,-38.818],[-65.16,-38.803],[-65.193,-38.812],[-65.186,-38.831],[-65.22,-38.834],[-65.267,-38.822],[-65.313,-38.832],[-65.375,-38.856],[-65.389,-38.831],[-65.433,-38.816],[-65.455,-38.816],[-65.506,-38.796],[-65.522,-38.78],[-65.568,-38.785],[-65.601,-38.776],[-65.608,-38.797],[-65.642,-38.809],[-65.652,-38.827],[-65.696,-38.832],[-65.706,-38.817],[-65.775,-38.813],[-65.79,-38.796],[-65.876,-38.778],[-65.913,-38.78],[-65.946,-38.768],[-65.952,-38.747],[-66.013,-38.744],[-66.064,-38.752],[-66.076,-38.733],[-66.106,-38.728],[-66.133,-38.739],[-66.154,-38.729],[-66.174,-38.74],[-66.208,-38.732],[-66.218,-38.741],[-66.347,-38.756],[-66.389,-38.739],[-66.443,-38.746],[-66.498,-38.718],[-66.535,-38.721],[-66.555,-38.697],[-66.575,-38.702],[-66.606,-38.68],[-66.597,-38.649],[-66.578,-38.623],[-66.6,-38.598],[-66.609,-38.558],[-66.633,-38.545],[-66.718,-38.52],[-66.745,-38.518],[-66.781,-38.484],[-66.81,-38.485],[-66.856,-38.475],[-66.894,-38.459],[-66.905,-38.443],[-66.951,-38.453],[-66.995,-38.446],[-67.008,-38.424],[-67.053,-38.414],[-67.091,-38.399],[-67.119,-38.355],[-67.139,-38.361],[-67.173,-38.279],[-67.174,-38.261],[-67.196,-38.254],[-67.184,-38.223],[-67.213,-38.201],[-67.277,-38.22],[-67.317,-38.245],[-67.365,-38.252],[-67.437,-38.254],[-67.596,-38.233],[-67.656,-38.201],[-67.686,-38.137],[-67.73,-38.114],[-67.73,-38.076],[-67.785,-38.054],[-67.798,-38.067],[-67.826,-38.064],[-67.876,-38.034],[-67.895,-38.011],[-67.902,-37.981],[-67.873,-37.942],[-67.847,-37.918],[-67.774,-37.887],[-67.73,-37.851],[-67.735,-37.833],[-67.722,-37.797],[-67.76,-37.744],[-67.771,-37.671],[-67.787,-37.651],[-67.835,-37.624],[-67.874,-37.613],[-67.887,-37.619],[-67.947,-37.603],[-67.977,-37.607],[-68.025,-37.599],[-68.108,-37.594],[-68.161,-37.582],[-68.199,-37.588],[-68.237,-37.586],[-68.255,-37.571],[-68.252,-37.194],[-68.25,-36.97],[-68.25,-36.606],[-68.25,-36.174],[-68.296,-36.173],[-68.296,-35.998],[-68.145,-36],[-67.697,-36],[-67.454,-36],[-67.04,-36],[-66.638,-36.001]]]}},{"type":"Feature","properties":{"code":"AR-M","name":"Mendoza"},"geometry":{"type":"Polygon","coordinates":[[[-70.366,-35.006],[-70.334,-34.992],[-70.331,-34.938],[-70.32,-34.931],[-70.277,-34.862],[-70.257,-34.82],[-70.269,-34.792],[-70.309,-34.768],[-70.306,-34.746],[-70.262,-34.732],[-70.247,-34.693],[-70.214,-34.681],[-70.223,-34.64],[-70.217,-34.611],[-70.2,-34.602],[-70.147,-34.533],[-70.123,-34.478],[-70.103,-34.482],[-70.055,-34.45],[-70.046,-34.429],[-70.015,-34.413],[-70.02,-34.378],[-70.015,-34.339],[-70.031,-34.288],[-70.011,-34.267],[-69.967,-34.251],[-69.932,-34.281],[-69.904,-34.289],[-69.894,-34.264],[-69.868,-34.266],[-69.795,-34.243],[-69.792,-34.201],[-69.839,-34.157],[-69.869,-34.14],[-69.86,-34.104],[-69.834,-34.086],[-69.851,-34.064],[-69.846,-34.04],[-69.825,-34.022],[-69.839,-34.007],[-69.855,-33.964],[-69.881,-33.976],[-69.905,-33.965],[-69.892,-33.925],[-69.855,-33.893],[-69.873,-33.861],[-69.899,-33.847],[-69.893,-33.792],[-69.904,-33.771],[-69.865,-33.715],[-69.885,-33.684],[-69.865,-33.583],[-69.872,-33.54],[-69.835,-33.515],[-69.82,-33.432],[-69.797,-33.424],[-69.807,-33.396],[-69.789,-33.39],[-69.77,-33.361],[-69.78,-33.322],[-69.8,-33.288],[-69.841,-33.272],[-69.86,-33.283],[-69.917,-33.267],[-69.961,-33.292],[-69.968,-33.307],[-70.003,-33.323],[-70.006,-33.287],[-70.039,-33.27],[-70.028,-33.233],[-70.055,-33.226],[-70.064,-33.205],[-70.067,-33.156],[-70.05,-33.138],[-70.073,-33.124],[-70.066,-33.104],[-70.075,-33.065],[-70.094,-33.052],[-70.081,-33.029],[-70.036,-33.024],[-70.021,-33.008],[-70.028,-32.968],[-70.001,-32.946],[-70.008,-32.932],[-69.992,-32.912],[-70.001,-32.885],[-70.045,-32.87],[-70.057,-32.857],[-70.055,-32.832],[-70.079,-32.823],[-70.086,-32.806],[-70.108,-32.8],[-70.115,-32.768],[-70.131,-32.757],[-70.147,-32.706],[-70.145,-32.665],[-70.157,-32.63],[-70.17,-32.626],[-70.149,-32.581],[-70.126,-32.576],[-70.091,-32.602],[-70.091,-32.617],[-70.063,-32.626],[-70.003,-32.529],[-69.98,-32.532],[-69.963,-32.547],[-69.929,-32.542],[-69.9,-32.562],[-69.825,-32.564],[-69.825,-32.546],[-69.792,-32.547],[-69.766,-32.518],[-69.726,-32.497],[-69.706,-32.497],[-69.695,-32.467],[-69.698,-32.41],[-69.733,-32.39],[-69.725,-32.317],[-69.68,-32.303],[-69.651,-32.269],[-69.63,-32.262],[-69.619,-32.237],[-69.597,-32.141],[-69.567,-32.132],[-69.535,-32.142],[-69.478,-32.111],[-69.456,-32.075],[-69.383,-32.065],[-69.314,-32.091],[-69.267,-32.056],[-69.262,-32.033],[-69.244,-32.016],[-69.184,-31.999],[-69.128,-31.999],[-69.096,-32.03],[-69.085,-32.054],[-69.028,-32.092],[-69.017,-32.113],[-68.988,-32.121],[-68.917,-32.131],[-68.917,-32.337],[-68.665,-32.337],[-68.463,-32.238],[-68.463,-32.138],[-68.301,-32.138],[-68.248,-32.092],[-68.216,-32.118],[-68.171,-32.109],[-68.152,-32.119],[-68.085,-32.092],[-68.06,-32.074],[-68.024,-32.087],[-68.006,-32.08],[-67.982,-32.092],[-67.958,-32.12],[-67.935,-32.135],[-67.918,-32.173],[-67.884,-32.181],[-67.875,-32.196],[-67.836,-32.222],[-67.781,-32.235],[-67.742,-32.223],[-67.723,-32.242],[-67.666,-32.233],[-67.6,-32.244],[-67.561,-32.242],[-67.525,-32.228],[-67.504,-32.239],[-67.485,-32.275],[-67.484,-32.294],[-67.452,-32.319],[-67.396,-32.333],[-67.382,-32.33],[-67.355,-32.352],[-67.33,-32.359],[-67.32,-32.388],[-67.296,-32.431],[-67.294,-32.496],[-67.262,-32.556],[-67.269,-32.57],[-67.25,-32.585],[-67.226,-32.681],[-67.188,-32.697],[-67.183,-32.729],[-67.167,-32.763],[-67.177,-32.787],[-67.178,-32.82],[-67.21,-32.857],[-67.232,-32.864],[-67.23,-32.899],[-67.213,-32.911],[-67.21,-32.944],[-67.192,-32.984],[-67.185,-33.015],[-67.185,-33.128],[-67.168,-33.161],[-67.183,-33.199],[-67.18,-33.248],[-67.17,-33.303],[-67.152,-33.326],[-67.157,-33.371],[-67.148,-33.39],[-67.153,-33.412],[-67.136,-33.465],[-67.095,-33.508],[-67.092,-33.539],[-67.075,-33.543],[-67.069,-33.566],[-67.046,-33.586],[-67.037,-33.607],[-67.019,-33.609],[-67.003,-33.63],[-67.005,-33.665],[-66.975,-33.692],[-66.958,-33.723],[-66.892,-33.766],[-66.874,-33.832],[-66.8,-33.864],[-66.793,-33.881],[-66.736,-33.911],[-66.722,-33.936],[-66.688,-33.938],[-66.668,-33.956],[-66.663,-33.985],[-66.707,-34.023],[-66.701,-34.048],[-66.716,-34.057],[-66.71,-34.088],[-66.724,-34.116],[-66.711,-34.148],[-66.729,-34.208],[-66.747,-34.222],[-66.785,-34.234],[-66.789,-34.266],[-66.782,-34.302],[-66.804,-34.307],[-66.796,-34.355],[-66.786,-34.378],[-66.765,-34.389],[-66.789,-34.42],[-66.754,-34.443],[-66.764,-34.496],[-66.756,-34.535],[-66.765,-34.551],[-66.735,-34.584],[-66.726,-34.611],[-66.694,-34.662],[-66.691,-34.69],[-66.67,-34.695],[-66.64,-34.719],[-66.652,-34.749],[-66.643,-34.764],[-66.607,-34.775],[-66.602,-34.803],[-66.563,-34.829],[-66.545,-34.884],[-66.555,-34.911],[-66.537,-34.923],[-66.525,-34.952],[-66.545,-34.97],[-66.514,-35.052],[-66.521,-35.064],[-66.478,-35.141],[-66.494,-35.156],[-66.498,-35.192],[-66.483,-35.209],[-66.484,-35.241],[-66.501,-35.248],[-66.52,-35.274],[-66.496,-35.312],[-66.499,-35.345],[-66.529,-35.446],[-66.519,-35.463],[-66.523,-35.507],[-66.54,-35.563],[-66.57,-35.583],[-66.565,-35.618],[-66.549,-35.643],[-66.558,-35.674],[-66.581,-35.705],[-66.581,-35.768],[-66.603,-35.826],[-66.622,-35.849],[-66.62,-35.881],[-66.629,-35.917],[-66.62,-35.971],[-66.638,-36.001],[-67.04,-36],[-67.454,-36],[-67.697,-36],[-68.145,-36],[-68.296,-35.998],[-68.296,-36.173],[-68.25,-36.174],[-68.25,-36.606],[-68.25,-36.97],[-68.252,-37.194],[-68.255,-37.571],[-68.293,-37.56],[-68.367,-37.555],[-68.402,-37.559],[-68.438,-37.544],[-68.457,-37.51],[-68.48,-37.49],[-68.496,-37.459],[-68.549,-37.45],[-68.569,-37.456],[-68.609,-37.439],[-68.633,-37.447],[-68.686,-37.442],[-68.722,-37.389],[-68.767,-37.367],[-68.784,-37.367],[-68.815,-37.387],[-68.868,-37.394],[-68.899,-37.375],[-68.929,-37.38],[-68.977,-37.379],[-69.028,-37.363],[-69.045,-37.334],[-69.048,-37.287],[-69.038,-37.256],[-69.065,-37.223],[-69.102,-37.206],[-69.131,-37.202],[-69.17,-37.178],[-69.215,-37.178],[-69.273,-37.145],[-69.304,-37.155],[-69.331,-37.15],[-69.381,-37.16],[-69.402,-37.172],[-69.429,-37.162],[-69.466,-37.173],[-69.511,-37.168],[-69.529,-37.174],[-69.581,-37.152],[-69.61,-37.149],[-69.689,-37.103],[-69.708,-37.102],[-69.754,-37.071],[-69.776,-36.991],[-69.778,-36.916],[-69.758,-36.876],[-69.82,-36.849],[-69.849,-36.847],[-69.873,-36.812],[-69.921,-36.795],[-69.919,-36.765],[-69.943,-36.746],[-69.947,-36.723],[-70.045,-36.657],[-70.095,-36.587],[-70.123,-36.57],[-70.121,-36.555],[-70.156,-36.507],[-70.177,-36.497],[-70.204,-36.439],[-70.195,-36.423],[-70.212,-36.391],[-70.208,-36.373],[-70.22,-36.332],[-70.267,-36.322],[-70.291,-36.337],[-70.344,-36.333],[-70.372,-36.276],[-70.372,-36.224],[-70.395,-36.195],[-70.39,-36.176],[-70.399,-36.126],[-70.385,-36.112],[-70.385,-36.088],[-70.399,-36.053],[-70.371,-36.043],[-70.39,-35.983],[-70.418,-35.978],[-70.418,-35.961],[-70.391,-35.951],[-70.37,-35.923],[-70.408,-35.923],[-70.425,-35.913],[-70.421,-35.874],[-70.386,-35.869],[-70.369,-35.842],[-70.316,-35.819],[-70.333,-35.799],[-70.358,-35.8],[-70.379,-35.787],[-70.37,-35.737],[-70.376,-35.7],[-70.397,-35.688],[-70.418,-35.63],[-70.387,-35.604],[-70.398,-35.586],[-70.413,-35.529],[-70.382,-35.513],[-70.395,-35.486],[-70.414,-35.489],[-70.446,-35.464],[-70.435,-35.436],[-70.452,-35.392],[-70.422,-35.37],[-70.419,-35.354],[-70.439,-35.316],[-70.468,-35.313],[-70.497,-35.323],[-70.512,-35.31],[-70.567,-35.299],[-70.583,-35.28],[-70.565,-35.243],[-70.568,-35.223],[-70.542,-35.203],[-70.47,-35.203],[-70.388,-35.171],[-70.376,-35.173],[-70.362,-35.136],[-70.37,-35.112],[-70.375,-35.046],[-70.361,-35.034],[-70.366,-35.006]]]}},{"type":"Feature","properties":{"code":"AR-N","name":"Misiones"},"geometry":{"type":"Polygon","coordinates":[[[-56.024,-27.324],[-55.985,-27.353],[-55.896,-27.343],[-55.864,-27.369],[-55.84,-27.407],[-55.81,-27.418],[-55.787,-27.44],[-55.737,-27.445],[-55.683,-27.378],[-55.642,-27.364],[-55.599,-27.337],[-55.59,-27.319],[-55.6,-27.279],[-55.579,-27.263],[-55.581,-27.235],[-55.615,-27.21],[-55.623,-27.193],[-55.613,-27.167],[-55.562,-27.16],[-55.563,-27.108],[-55.541,-27.101],[-55.477,-27.111],[-55.45,-27.094],[-55.457,-27.062],[-55.447,-27.029],[-55.423,-26.995],[-55.37,-26.964],[-55.306,-26.963],[-55.276,-26.943],[-55.238,-26.942],[-55.212,-26.966],[-55.195,-26.969],[-55.135,-26.949],[-55.132,-26.934],[-55.15,-26.896],[-55.143,-26.868],[-55.128,-26.853],[-55.09,-26.835],[-55.052,-26.797],[-55.025,-26.79],[-54.964,-26.787],[-54.95,-26.772],[-54.944,-26.734],[-54.948,-26.702],[-54.941,-26.683],[-54.917,-26.668],[-54.86,-26.656],[-54.823,-26.674],[-54.787,-26.631],[-54.788,-26.596],[-54.805,-26.567],[-54.801,-26.535],[-54.781,-26.51],[-54.755,-26.494],[-54.715,-26.459],[-54.699,-26.431],[-54.698,-26.382],[-54.676,-26.345],[-54.652,-26.32],[-54.655,-26.297],[-54.679,-26.272],[-54.672,-26.254],[-54.625,-26.225],[-54.619,-26.209],[-54.67,-26.165],[-54.672,-26.14],[-54.652,-26.12],[-54.643,-26.093],[-54.647,-26.075],[-54.677,-26.017],[-54.679,-25.995],[-54.655,-25.979],[-54.622,-25.985],[-54.608,-25.955],[-54.622,-25.914],[-54.595,-25.858],[-54.592,-25.818],[-54.623,-25.783],[-54.635,-25.735],[-54.658,-25.688],[-54.65,-25.664],[-54.609,-25.668],[-54.581,-25.658],[-54.598,-25.623],[-54.594,-25.593],[-54.554,-25.588],[-54.534,-25.6],[-54.523,-25.629],[-54.5,-25.615],[-54.469,-25.637],[-54.446,-25.665],[-54.428,-25.669],[-54.391,-25.629],[-54.393,-25.608],[-54.375,-25.594],[-54.343,-25.602],[-54.332,-25.573],[-54.28,-25.556],[-54.255,-25.596],[-54.235,-25.593],[-54.237,-25.57],[-54.19,-25.534],[-54.161,-25.541],[-54.144,-25.52],[-54.108,-25.495],[-54.097,-25.522],[-54.124,-25.567],[-54.11,-25.603],[-54.089,-25.611],[-54.084,-25.56],[-54.041,-25.584],[-54.01,-25.567],[-53.97,-25.601],[-53.952,-25.647],[-53.94,-25.621],[-53.909,-25.632],[-53.862,-25.659],[-53.85,-25.701],[-53.865,-25.703],[-53.865,-25.745],[-53.838,-25.748],[-53.837,-25.774],[-53.822,-25.793],[-53.849,-25.835],[-53.825,-25.871],[-53.846,-25.888],[-53.82,-25.897],[-53.823,-25.916],[-53.843,-25.932],[-53.836,-25.972],[-53.819,-25.976],[-53.772,-26.032],[-53.736,-26.042],[-53.727,-26.065],[-53.739,-26.08],[-53.742,-26.116],[-53.711,-26.131],[-53.7,-26.153],[-53.682,-26.162],[-53.644,-26.216],[-53.653,-26.235],[-53.639,-26.251],[-53.646,-26.286],[-53.685,-26.335],[-53.69,-26.36],[-53.707,-26.395],[-53.689,-26.444],[-53.711,-26.466],[-53.698,-26.486],[-53.731,-26.51],[-53.723,-26.53],[-53.738,-26.548],[-53.722,-26.582],[-53.742,-26.648],[-53.719,-26.658],[-53.717,-26.681],[-53.733,-26.701],[-53.749,-26.742],[-53.714,-26.754],[-53.733,-26.772],[-53.717,-26.782],[-53.697,-26.812],[-53.698,-26.828],[-53.671,-26.853],[-53.695,-26.884],[-53.674,-26.893],[-53.682,-26.917],[-53.704,-26.933],[-53.701,-26.953],[-53.726,-26.959],[-53.718,-26.984],[-53.766,-27.044],[-53.797,-27.04],[-53.802,-27.086],[-53.776,-27.102],[-53.806,-27.113],[-53.815,-27.14],[-53.836,-27.153],[-53.836,-27.17],[-53.861,-27.129],[-53.879,-27.127],[-53.898,-27.171],[-53.915,-27.176],[-53.934,-27.156],[-53.959,-27.158],[-53.962,-27.197],[-54.003,-27.196],[-54.014,-27.205],[-54.021,-27.248],[-54.054,-27.263],[-54.08,-27.298],[-54.132,-27.301],[-54.159,-27.293],[-54.156,-27.264],[-54.185,-27.264],[-54.192,-27.307],[-54.212,-27.345],[-54.217,-27.386],[-54.266,-27.402],[-54.267,-27.435],[-54.295,-27.445],[-54.308,-27.423],[-54.341,-27.406],[-54.334,-27.448],[-54.353,-27.466],[-54.396,-27.413],[-54.415,-27.407],[-54.434,-27.423],[-54.465,-27.424],[-54.467,-27.441],[-54.444,-27.459],[-54.449,-27.476],[-54.504,-27.482],[-54.52,-27.502],[-54.537,-27.503],[-54.545,-27.482],[-54.572,-27.454],[-54.592,-27.478],[-54.614,-27.532],[-54.646,-27.542],[-54.656,-27.516],[-54.679,-27.513],[-54.671,-27.558],[-54.689,-27.574],[-54.742,-27.561],[-54.765,-27.585],[-54.786,-27.576],[-54.794,-27.536],[-54.814,-27.533],[-54.832,-27.573],[-54.839,-27.605],[-54.858,-27.629],[-54.897,-27.631],[-54.907,-27.647],[-54.9,-27.696],[-54.903,-27.721],[-54.935,-27.769],[-54.956,-27.778],[-54.982,-27.771],[-54.999,-27.792],[-55.021,-27.797],[-55.043,-27.775],[-55.077,-27.777],[-55.083,-27.797],[-55.032,-27.825],[-55.033,-27.857],[-55.089,-27.842],[-55.125,-27.859],[-55.124,-27.883],[-55.14,-27.894],[-55.171,-27.861],[-55.197,-27.857],[-55.228,-27.881],[-55.249,-27.913],[-55.269,-27.931],[-55.31,-27.922],[-55.332,-27.933],[-55.337,-27.961],[-55.385,-27.985],[-55.37,-28.014],[-55.382,-28.04],[-55.423,-28.061],[-55.448,-28.099],[-55.483,-28.078],[-55.498,-28.081],[-55.513,-28.114],[-55.536,-28.119],[-55.552,-28.161],[-55.565,-28.163],[-55.589,-28.143],[-55.587,-28.12],[-55.612,-28.118],[-55.62,-28.138],[-55.644,-28.131],[-55.656,-28.115],[-55.698,-28.09],[-55.715,-28.069],[-55.759,-28.052],[-55.75,-28.04],[-55.776,-28.01],[-55.777,-27.993],[-55.802,-27.974],[-55.812,-27.953],[-55.818,-27.912],[-55.831,-27.905],[-55.827,-27.855],[-55.847,-27.833],[-55.837,-27.822],[-55.836,-27.784],[-55.928,-27.631],[-55.982,-27.539],[-56.027,-27.505],[-56.037,-27.468],[-56.055,-27.451],[-56.055,-27.419],[-56.029,-27.374],[-56.039,-27.348],[-56.024,-27.324]]]}},{"type":"Feature","properties":{"code":"AR-P","name":"Formosa"},"geometry":{"type":"Polygon","coordinates":[[[-62.342,-24.109],[-62.342,-23.9],[-62.342,-23.627],[-62.342,-23.155],[-62.342,-22.811],[-62.342,-22.477],[-62.31,-22.488],[-62.287,-22.477],[-62.282,-22.525],[-62.228,-22.544],[-62.225,-22.56],[-62.257,-22.592],[-62.255,-22.611],[-62.227,-22.638],[-62.202,-22.671],[-62.198,-22.706],[-62.16,-22.736],[-62.157,-22.761],[-62.135,-22.791],[-62.084,-22.812],[-62.071,-22.851],[-62.043,-22.865],[-62.034,-22.887],[-62.014,-22.903],[-62.031,-22.922],[-61.993,-22.953],[-62.007,-22.964],[-62.006,-22.995],[-61.985,-23.02],[-61.956,-23.025],[-61.941,-23.044],[-61.85,-23.105],[-61.823,-23.127],[-61.821,-23.143],[-61.791,-23.165],[-61.753,-23.173],[-61.733,-23.209],[-61.736,-23.234],[-61.714,-23.239],[-61.683,-23.26],[-61.67,-23.286],[-61.627,-23.278],[-61.576,-23.314],[-61.56,-23.341],[-61.519,-23.35],[-61.524,-23.367],[-61.501,-23.411],[-61.467,-23.426],[-61.445,-23.42],[-61.417,-23.448],[-61.387,-23.46],[-61.363,-23.454],[-61.325,-23.466],[-61.302,-23.49],[-61.28,-23.491],[-61.275,-23.512],[-61.22,-23.557],[-61.196,-23.553],[-61.174,-23.561],[-61.149,-23.586],[-61.113,-23.597],[-61.096,-23.613],[-61.081,-23.691],[-61.058,-23.707],[-61.04,-23.741],[-61.012,-23.761],[-60.99,-23.818],[-60.952,-23.816],[-60.921,-23.823],[-60.875,-23.85],[-60.859,-23.869],[-60.816,-23.876],[-60.76,-23.872],[-60.716,-23.878],[-60.709,-23.892],[-60.633,-23.908],[-60.613,-23.902],[-60.595,-23.917],[-60.593,-23.943],[-60.572,-23.96],[-60.529,-23.968],[-60.503,-23.965],[-60.487,-23.951],[-60.436,-23.967],[-60.383,-24.001],[-60.38,-24.019],[-60.335,-24.022],[-60.309,-24.038],[-60.197,-24.045],[-60.146,-24.039],[-60.091,-24.024],[-60.073,-24.011],[-60.039,-24.012],[-59.756,-24.171],[-59.509,-24.313],[-59.474,-24.331],[-59.457,-24.373],[-59.422,-24.409],[-59.373,-24.423],[-59.354,-24.478],[-59.32,-24.492],[-59.297,-24.513],[-59.257,-24.52],[-59.239,-24.546],[-59.186,-24.563],[-59.174,-24.581],[-59.13,-24.617],[-59.099,-24.617],[-59.056,-24.632],[-59.024,-24.66],[-58.97,-24.663],[-58.968,-24.672],[-58.917,-24.696],[-58.889,-24.716],[-58.879,-24.733],[-58.856,-24.732],[-58.804,-24.774],[-58.726,-24.775],[-58.709,-24.809],[-58.687,-24.812],[-58.672,-24.832],[-58.645,-24.825],[-58.61,-24.831],[-58.573,-24.821],[-58.521,-24.849],[-58.469,-24.864],[-58.44,-24.88],[-58.393,-24.952],[-58.353,-24.968],[-58.341,-24.997],[-58.299,-24.976],[-58.255,-24.932],[-58.236,-24.927],[-58.194,-24.968],[-58.153,-24.973],[-58.134,-25.01],[-58.117,-25.019],[-58.086,-25.013],[-58.077,-25.038],[-58.045,-25.043],[-58.01,-25.038],[-57.989,-25.082],[-57.883,-25.076],[-57.849,-25.097],[-57.84,-25.126],[-57.822,-25.142],[-57.777,-25.155],[-57.749,-25.207],[-57.752,-25.227],[-57.725,-25.257],[-57.723,-25.276],[-57.695,-25.288],[-57.699,-25.317],[-57.647,-25.372],[-57.643,-25.381],[-57.601,-25.398],[-57.555,-25.448],[-57.579,-25.525],[-57.569,-25.546],[-57.58,-25.569],[-57.606,-25.572],[-57.609,-25.607],[-57.639,-25.613],[-57.662,-25.594],[-57.677,-25.606],[-57.67,-25.65],[-57.691,-25.661],[-57.717,-25.645],[-57.741,-25.65],[-57.768,-25.7],[-57.731,-25.708],[-57.733,-25.725],[-57.774,-25.758],[-57.827,-25.759],[-57.819,-25.782],[-57.794,-25.811],[-57.806,-25.84],[-57.82,-25.849],[-57.867,-25.86],[-57.861,-25.887],[-57.835,-25.916],[-57.87,-25.929],[-57.893,-25.952],[-57.891,-25.966],[-57.855,-25.985],[-57.856,-26.009],[-57.899,-26.021],[-57.926,-26.037],[-57.95,-26.067],[-58.042,-26.112],[-58.085,-26.112],[-58.117,-26.149],[-58.123,-26.187],[-58.158,-26.186],[-58.108,-26.218],[-58.106,-26.238],[-58.158,-26.26],[-58.167,-26.294],[-58.155,-26.311],[-58.157,-26.345],[-58.165,-26.357],[-58.211,-26.378],[-58.221,-26.414],[-58.182,-26.461],[-58.225,-26.464],[-58.234,-26.477],[-58.207,-26.5],[-58.223,-26.531],[-58.199,-26.563],[-58.193,-26.595],[-58.208,-26.615],[-58.197,-26.654],[-58.261,-26.646],[-58.255,-26.672],[-58.256,-26.713],[-58.246,-26.743],[-58.26,-26.763],[-58.295,-26.765],[-58.282,-26.792],[-58.336,-26.816],[-58.32,-26.858],[-58.336,-26.872],[-58.373,-26.865],[-58.378,-26.877],[-58.394,-26.838],[-58.42,-26.837],[-58.473,-26.81],[-58.497,-26.789],[-58.516,-26.76],[-58.558,-26.729],[-58.576,-26.696],[-58.616,-26.678],[-58.628,-26.663],[-58.653,-26.66],[-58.684,-26.627],[-58.687,-26.596],[-58.742,-26.604],[-58.77,-26.539],[-58.845,-26.52],[-58.856,-26.51],[-58.864,-26.477],[-58.91,-26.463],[-58.939,-26.434],[-58.955,-26.399],[-59.004,-26.376],[-59.023,-26.382],[-59.042,-26.366],[-59.065,-26.375],[-59.079,-26.36],[-59.145,-26.323],[-59.14,-26.299],[-59.182,-26.306],[-59.205,-26.328],[-59.235,-26.343],[-59.277,-26.35],[-59.316,-26.322],[-59.352,-26.338],[-59.378,-26.321],[-59.39,-26.299],[-59.383,-26.281],[-59.414,-26.224],[-59.413,-26.168],[-59.439,-26.15],[-59.476,-26.163],[-59.515,-26.145],[-59.568,-26.149],[-59.617,-26.118],[-59.627,-26.131],[-59.669,-26.113],[-59.68,-26.088],[-59.677,-26.053],[-59.667,-26.024],[-59.747,-25.968],[-59.751,-25.921],[-59.776,-25.916],[-59.856,-25.846],[-59.882,-25.805],[-59.92,-25.794],[-59.929,-25.77],[-59.962,-25.774],[-59.979,-25.74],[-60.019,-25.723],[-60.018,-25.696],[-60.039,-25.684],[-60.092,-25.673],[-60.108,-25.662],[-60.178,-25.639],[-60.212,-25.603],[-60.217,-25.563],[-60.24,-25.555],[-60.22,-25.525],[-60.225,-25.483],[-60.266,-25.46],[-60.277,-25.44],[-60.307,-25.422],[-60.327,-25.4],[-60.351,-25.354],[-60.346,-25.339],[-60.401,-25.313],[-60.425,-25.309],[-60.444,-25.261],[-60.482,-25.237],[-60.494,-25.209],[-60.534,-25.17],[-60.544,-25.186],[-60.574,-25.192],[-60.602,-25.161],[-60.617,-25.167],[-60.661,-25.158],[-60.67,-25.147],[-60.655,-25.124],[-60.686,-25.125],[-60.734,-25.116],[-60.764,-25.092],[-60.776,-25.072],[-60.802,-25.065],[-60.871,-25.021],[-60.938,-25],[-60.937,-24.96],[-61.021,-24.921],[-61.05,-24.884],[-61.072,-24.873],[-61.092,-24.851],[-61.13,-24.82],[-61.158,-24.777],[-61.153,-24.742],[-61.205,-24.698],[-61.202,-24.657],[-61.23,-24.639],[-61.249,-24.644],[-61.298,-24.627],[-61.345,-24.639],[-61.381,-24.614],[-61.434,-24.618],[-61.461,-24.609],[-61.478,-24.581],[-61.513,-24.552],[-61.525,-24.535],[-61.519,-24.517],[-61.55,-24.499],[-61.577,-24.495],[-61.597,-24.48],[-61.581,-24.445],[-61.608,-24.424],[-61.656,-24.433],[-61.7,-24.409],[-61.712,-24.378],[-61.769,-24.306],[-61.786,-24.333],[-61.807,-24.32],[-61.87,-24.313],[-61.883,-24.296],[-61.916,-24.301],[-61.92,-24.267],[-61.955,-24.26],[-61.962,-24.231],[-62.016,-24.228],[-62.042,-24.24],[-62.056,-24.212],[-62.079,-24.2],[-62.14,-24.22],[-62.135,-24.203],[-62.167,-24.199],[-62.169,-24.168],[-62.222,-24.144],[-62.267,-24.137],[-62.303,-24.118],[-62.31,-24.098],[-62.333,-24.081],[-62.342,-24.109]]]}},{"type":"Feature","properties":{"code":"AR-Q","name":"Neuquén"},"geometry":{"type":"Polygon","coordinates":[[[-71.878,-40.565],[-71.858,-40.555],[-71.856,-40.509],[-71.841,-40.49],[-71.841,-40.452],[-71.82,-40.435],[-71.804,-40.406],[-71.755,-40.419],[-71.749,-40.435],[-71.709,-40.423],[-71.686,-40.395],[-71.694,-40.374],[-71.657,-40.364],[-71.674,-40.343],[-71.672,-40.311],[-71.686,-40.294],[-71.716,-40.279],[-71.736,-40.306],[-71.794,-40.258],[-71.828,-40.208],[-71.801,-40.184],[-71.828,-40.17],[-71.8,-40.136],[-71.814,-40.08],[-71.737,-40.1],[-71.7,-40.117],[-71.674,-40.104],[-71.667,-40.074],[-71.689,-40.036],[-71.671,-40.02],[-71.667,-39.994],[-71.642,-39.968],[-71.615,-39.957],[-71.626,-39.939],[-71.6,-39.925],[-71.593,-39.901],[-71.613,-39.877],[-71.632,-39.882],[-71.647,-39.853],[-71.677,-39.86],[-71.691,-39.843],[-71.68,-39.769],[-71.712,-39.724],[-71.684,-39.692],[-71.694,-39.658],[-71.715,-39.649],[-71.695,-39.625],[-71.699,-39.588],[-71.678,-39.565],[-71.655,-39.587],[-71.618,-39.599],[-71.61,-39.628],[-71.57,-39.634],[-71.559,-39.625],[-71.518,-39.626],[-71.48,-39.607],[-71.461,-39.583],[-71.47,-39.554],[-71.505,-39.56],[-71.534,-39.53],[-71.519,-39.507],[-71.473,-39.493],[-71.447,-39.396],[-71.433,-39.372],[-71.402,-39.352],[-71.395,-39.304],[-71.375,-39.269],[-71.389,-39.265],[-71.392,-39.216],[-71.402,-39.165],[-71.421,-39.15],[-71.407,-39.096],[-71.418,-39.071],[-71.401,-39.037],[-71.422,-39.025],[-71.441,-38.978],[-71.439,-38.943],[-71.425,-38.922],[-71.375,-38.907],[-71.329,-38.873],[-71.295,-38.871],[-71.268,-38.852],[-71.261,-38.815],[-71.235,-38.806],[-71.206,-38.817],[-71.18,-38.801],[-71.143,-38.795],[-71.107,-38.772],[-71.027,-38.759],[-71.003,-38.767],[-70.98,-38.761],[-70.925,-38.763],[-70.907,-38.73],[-70.892,-38.721],[-70.904,-38.667],[-70.881,-38.64],[-70.836,-38.612],[-70.829,-38.599],[-70.84,-38.541],[-70.875,-38.511],[-70.911,-38.504],[-70.957,-38.445],[-70.976,-38.442],[-70.986,-38.398],[-70.985,-38.361],[-71.004,-38.315],[-70.998,-38.298],[-71.02,-38.218],[-70.997,-38.204],[-70.997,-38.17],[-71.044,-38.124],[-70.986,-38.104],[-71.053,-38.045],[-71.063,-38.017],[-71.051,-37.992],[-71.115,-37.953],[-71.108,-37.893],[-71.135,-37.863],[-71.164,-37.858],[-71.16,-37.84],[-71.133,-37.834],[-71.171,-37.78],[-71.156,-37.757],[-71.185,-37.735],[-71.188,-37.714],[-71.212,-37.689],[-71.199,-37.665],[-71.194,-37.63],[-71.178,-37.615],[-71.145,-37.607],[-71.126,-37.582],[-71.137,-37.546],[-71.119,-37.486],[-71.12,-37.459],[-71.14,-37.442],[-71.15,-37.403],[-71.181,-37.397],[-71.199,-37.38],[-71.19,-37.355],[-71.208,-37.338],[-71.216,-37.273],[-71.162,-37.247],[-71.169,-37.227],[-71.114,-37.205],[-71.136,-37.165],[-71.124,-37.135],[-71.095,-37.126],[-71.095,-37.112],[-71.136,-37.072],[-71.144,-37.033],[-71.171,-36.996],[-71.188,-36.997],[-71.203,-36.975],[-71.173,-36.969],[-71.15,-36.981],[-71.106,-36.971],[-71.087,-36.936],[-71.096,-36.925],[-71.145,-36.929],[-71.143,-36.899],[-71.122,-36.864],[-71.138,-36.854],[-71.162,-36.861],[-71.179,-36.841],[-71.161,-36.82],[-71.132,-36.815],[-71.129,-36.764],[-71.111,-36.728],[-71.119,-36.697],[-71.114,-36.68],[-71.086,-36.678],[-71.066,-36.714],[-71.013,-36.697],[-71.007,-36.683],[-71.04,-36.649],[-71.055,-36.566],[-71.041,-36.55],[-71.05,-36.523],[-71.035,-36.51],[-71.035,-36.473],[-70.99,-36.496],[-70.956,-36.505],[-70.929,-36.484],[-70.894,-36.471],[-70.887,-36.436],[-70.89,-36.403],[-70.836,-36.414],[-70.816,-36.396],[-70.787,-36.429],[-70.754,-36.407],[-70.713,-36.427],[-70.679,-36.389],[-70.713,-36.339],[-70.685,-36.305],[-70.686,-36.283],[-70.705,-36.272],[-70.665,-36.242],[-70.64,-36.243],[-70.6,-36.192],[-70.571,-36.175],[-70.583,-36.147],[-70.57,-36.133],[-70.535,-36.142],[-70.49,-36.179],[-70.421,-36.156],[-70.419,-36.089],[-70.41,-36.056],[-70.399,-36.053],[-70.385,-36.088],[-70.385,-36.112],[-70.399,-36.126],[-70.39,-36.176],[-70.395,-36.195],[-70.372,-36.224],[-70.372,-36.276],[-70.344,-36.333],[-70.291,-36.337],[-70.267,-36.322],[-70.22,-36.332],[-70.208,-36.373],[-70.212,-36.391],[-70.195,-36.423],[-70.204,-36.439],[-70.177,-36.497],[-70.156,-36.507],[-70.121,-36.555],[-70.123,-36.57],[-70.095,-36.587],[-70.045,-36.657],[-69.947,-36.723],[-69.943,-36.746],[-69.919,-36.765],[-69.921,-36.795],[-69.873,-36.812],[-69.849,-36.847],[-69.82,-36.849],[-69.758,-36.876],[-69.778,-36.916],[-69.776,-36.991],[-69.754,-37.071],[-69.708,-37.102],[-69.689,-37.103],[-69.61,-37.149],[-69.581,-37.152],[-69.529,-37.174],[-69.511,-37.168],[-69.466,-37.173],[-69.429,-37.162],[-69.402,-37.172],[-69.381,-37.16],[-69.331,-37.15],[-69.304,-37.155],[-69.273,-37.145],[-69.215,-37.178],[-69.17,-37.178],[-69.131,-37.202],[-69.102,-37.206],[-69.065,-37.223],[-69.038,-37.256],[-69.048,-37.287],[-69.045,-37.334],[-69.028,-37.363],[-68.977,-37.379],[-68.929,-37.38],[-68.899,-37.375],[-68.868,-37.394],[-68.815,-37.387],[-68.784,-37.367],[-68.767,-37.367],[-68.722,-37.389],[-68.686,-37.442],[-68.633,-37.447],[-68.609,-37.439],[-68.569,-37.456],[-68.549,-37.45],[-68.496,-37.459],[-68.48,-37.49],[-68.457,-37.51],[-68.438,-37.544],[-68.402,-37.559],[-68.367,-37.555],[-68.293,-37.56],[-68.255,-37.571],[-68.254,-37.704],[-68.25,-37.787],[-68.25,-38.071],[-68.25,-38.316],[-68.247,-38.691],[-68.22,-38.709],[-68.198,-38.71],[-68.164,-38.737],[-68.134,-38.749],[-68.073,-38.87],[-68.066,-38.909],[-68.049,-38.914],[-68.04,-38.942],[-68.007,-38.961],[-68.002,-38.977],[-68.059,-38.982],[-68.078,-38.995],[-68.119,-38.988],[-68.178,-38.967],[-68.213,-38.974],[-68.231,-38.991],[-68.288,-38.984],[-68.355,-39.002],[-68.414,-39.035],[-68.427,-39.029],[-68.47,-39.046],[-68.506,-39.072],[-68.56,-39.076],[-68.587,-39.112],[-68.664,-39.18],[-68.654,-39.205],[-68.677,-39.223],[-68.739,-39.255],[-68.745,-39.267],[-68.81,-39.286],[-68.855,-39.383],[-68.954,-39.449],[-69.086,-39.533],[-69.255,-39.604],[-69.282,-39.63],[-69.308,-39.638],[-69.316,-39.662],[-69.343,-39.68],[-69.347,-39.708],[-69.388,-39.731],[-69.417,-39.763],[-69.461,-39.779],[-69.509,-39.813],[-69.571,-39.809],[-69.675,-39.839],[-69.72,-39.858],[-69.76,-39.883],[-69.794,-39.887],[-69.828,-39.905],[-69.855,-39.908],[-69.894,-39.938],[-69.935,-39.943],[-69.97,-39.98],[-70.005,-40.038],[-69.997,-40.091],[-69.951,-40.18],[-69.986,-40.179],[-69.994,-40.199],[-70.03,-40.215],[-70.064,-40.255],[-70.051,-40.302],[-70.06,-40.368],[-70.078,-40.397],[-70.128,-40.409],[-70.185,-40.429],[-70.168,-40.472],[-70.179,-40.494],[-70.255,-40.505],[-70.303,-40.501],[-70.421,-40.534],[-70.477,-40.512],[-70.538,-40.503],[-70.549,-40.522],[-70.624,-40.55],[-70.65,-40.591],[-70.697,-40.595],[-70.728,-40.582],[-70.779,-40.583],[-70.81,-40.593],[-70.858,-40.596],[-70.876,-40.62],[-70.902,-40.624],[-70.933,-40.642],[-70.979,-40.65],[-71.014,-40.68],[-71.028,-40.724],[-71.095,-40.727],[-71.119,-40.758],[-71.119,-40.805],[-71.101,-40.813],[-71.101,-40.835],[-71.047,-40.871],[-71.032,-40.933],[-71.06,-40.981],[-71.101,-40.99],[-71.142,-41.056],[-71.175,-41.056],[-71.221,-41.088],[-71.253,-41.098],[-71.306,-41.1],[-71.361,-41.088],[-71.423,-41.062],[-71.457,-41.042],[-71.492,-41.039],[-71.552,-41.023],[-71.613,-41.034],[-71.744,-41.022],[-71.864,-41.02],[-71.874,-41],[-71.909,-40.973],[-71.855,-40.944],[-71.869,-40.892],[-71.908,-40.858],[-71.928,-40.834],[-71.923,-40.783],[-71.959,-40.758],[-71.964,-40.72],[-71.95,-40.719],[-71.921,-40.689],[-71.866,-40.658],[-71.838,-40.61],[-71.878,-40.565]]]}},{"type":"Feature","properties":{"code":"AR-R","name":"Río Negro"},"geometry":{"type":"Polygon","coordinates":[[[-65.07,-42],[-65.291,-42],[-65.728,-42],[-66.133,-42],[-66.878,-42],[-67.191,-42],[-68.086,-42],[-68.582,-42],[-69.074,-42],[-69.418,-41.999],[-69.818,-41.999],[-70.351,-42],[-70.699,-42],[-71.127,-42],[-71.471,-42],[-71.774,-42],[-71.793,-41.962],[-71.777,-41.948],[-71.775,-41.907],[-71.792,-41.872],[-71.789,-41.831],[-71.765,-41.817],[-71.784,-41.735],[-71.809,-41.717],[-71.792,-41.704],[-71.817,-41.69],[-71.886,-41.605],[-71.859,-41.573],[-71.837,-41.566],[-71.851,-41.515],[-71.832,-41.479],[-71.843,-41.452],[-71.835,-41.433],[-71.865,-41.421],[-71.865,-41.398],[-71.891,-41.367],[-71.911,-41.358],[-71.901,-41.331],[-71.881,-41.323],[-71.876,-41.297],[-71.896,-41.27],[-71.865,-41.256],[-71.858,-41.212],[-71.873,-41.206],[-71.888,-41.161],[-71.841,-41.15],[-71.836,-41.12],[-71.852,-41.099],[-71.82,-41.06],[-71.864,-41.02],[-71.744,-41.022],[-71.613,-41.034],[-71.552,-41.023],[-71.492,-41.039],[-71.457,-41.042],[-71.423,-41.062],[-71.361,-41.088],[-71.306,-41.1],[-71.253,-41.098],[-71.221,-41.088],[-71.175,-41.056],[-71.142,-41.056],[-71.101,-40.99],[-71.06,-40.981],[-71.032,-40.933],[-71.047,-40.871],[-71.101,-40.835],[-71.101,-40.813],[-71.119,-40.805],[-71.119,-40.758],[-71.095,-40.727],[-71.028,-40.724],[-71.014,-40.68],[-70.979,-40.65],[-70.933,-40.642],[-70.902,-40.624],[-70.876,-40.62],[-70.858,-40.596],[-70.81,-40.593],[-70.779,-40.583],[-70.728,-40.582],[-70.697,-40.595],[-70.65,-40.591],[-70.624,-40.55],[-70.549,-40.522],[-70.538,-40.503],[-70.477,-40.512],[-70.421,-40.534],[-70.303,-40.501],[-70.255,-40.505],[-70.179,-40.494],[-70.168,-40.472],[-70.185,-40.429],[-70.128,-40.409],[-70.078,-40.397],[-70.06,-40.368],[-70.051,-40.302],[-70.064,-40.255],[-70.03,-40.215],[-69.994,-40.199],[-69.986,-40.179],[-69.951,-40.18],[-69.997,-40.091],[-70.005,-40.038],[-69.97,-39.98],[-69.935,-39.943],[-69.894,-39.938],[-69.855,-39.908],[-69.828,-39.905],[-69.794,-39.887],[-69.76,-39.883],[-69.72,-39.858],[-69.675,-39.839],[-69.571,-39.809],[-69.509,-39.813],[-69.461,-39.779],[-69.417,-39.763],[-69.388,-39.731],[-69.347,-39.708],[-69.343,-39.68],[-69.316,-39.662],[-69.308,-39.638],[-69.282,-39.63],[-69.255,-39.604],[-69.086,-39.533],[-68.954,-39.449],[-68.855,-39.383],[-68.81,-39.286],[-68.745,-39.267],[-68.739,-39.255],[-68.677,-39.223],[-68.654,-39.205],[-68.664,-39.18],[-68.587,-39.112],[-68.56,-39.076],[-68.506,-39.072],[-68.47,-39.046],[-68.427,-39.029],[-68.414,-39.035],[-68.355,-39.002],[-68.288,-38.984],[-68.231,-38.991],[-68.213,-38.974],[-68.178,-38.967],[-68.119,-38.988],[-68.078,-38.995],[-68.059,-38.982],[-68.002,-38.977],[-68.007,-38.961],[-68.04,-38.942],[-68.049,-38.914],[-68.066,-38.909],[-68.073,-38.87],[-68.134,-38.749],[-68.164,-38.737],[-68.198,-38.71],[-68.22,-38.709],[-68.247,-38.691],[-68.25,-38.316],[-68.25,-38.071],[-68.25,-37.787],[-68.254,-37.704],[-68.255,-37.571],[-68.237,-37.586],[-68.199,-37.588],[-68.161,-37.582],[-68.108,-37.594],[-68.025,-37.599],[-67.977,-37.607],[-67.947,-37.603],[-67.887,-37.619],[-67.874,-37.613],[-67.835,-37.624],[-67.787,-37.651],[-67.771,-37.671],[-67.76,-37.744],[-67.722,-37.797],[-67.735,-37.833],[-67.73,-37.851],[-67.774,-37.887],[-67.847,-37.918],[-67.873,-37.942],[-67.902,-37.981],[-67.895,-38.011],[-67.876,-38.034],[-67.826,-38.064],[-67.798,-38.067],[-67.785,-38.054],[-67.73,-38.076],[-67.73,-38.114],[-67.686,-38.137],[-67.656,-38.201],[-67.596,-38.233],[-67.437,-38.254],[-67.365,-38.252],[-67.317,-38.245],[-67.277,-38.22],[-67.213,-38.201],[-67.184,-38.223],[-67.196,-38.254],[-67.174,-38.261],[-67.173,-38.279],[-67.139,-38.361],[-67.119,-38.355],[-67.091,-38.399],[-67.053,-38.414],[-67.008,-38.424],[-66.995,-38.446],[-66.951,-38.453],[-66.905,-38.443],[-66.894,-38.459],[-66.856,-38.475],[-66.81,-38.485],[-66.781,-38.484],[-66.745,-38.518],[-66.718,-38.52],[-66.633,-38.545],[-66.609,-38.558],[-66.6,-38.598],[-66.578,-38.623],[-66.597,-38.649],[-66.606,-38.68],[-66.575,-38.702],[-66.555,-38.697],[-66.535,-38.721],[-66.498,-38.718],[-66.443,-38.746],[-66.389,-38.739],[-66.347,-38.756],[-66.218,-38.741],[-66.208,-38.732],[-66.174,-38.74],[-66.154,-38.729],[-66.133,-38.739],[-66.106,-38.728],[-66.076,-38.733],[-66.064,-38.752],[-66.013,-38.744],[-65.952,-38.747],[-65.946,-38.768],[-65.913,-38.78],[-65.876,-38.778],[-65.79,-38.796],[-65.775,-38.813],[-65.706,-38.817],[-65.696,-38.832],[-65.652,-38.827],[-65.642,-38.809],[-65.608,-38.797],[-65.601,-38.776],[-65.568,-38.785],[-65.522,-38.78],[-65.506,-38.796],[-65.455,-38.816],[-65.433,-38.816],[-65.389,-38.831],[-65.375,-38.856],[-65.313,-38.832],[-65.267,-38.822],[-65.22,-38.834],[-65.186,-38.831],[-65.193,-38.812],[-65.16,-38.803],[-65.031,-38.818],[-64.957,-38.823],[-64.925,-38.834],[-64.891,-38.827],[-64.877,-38.815],[-64.829,-38.826],[-64.81,-38.816],[-64.738,-38.841],[-64.672,-38.834],[-64.622,-38.853],[-64.588,-38.859],[-64.536,-38.859],[-64.512,-38.869],[-64.481,-38.865],[-64.424,-38.872],[-64.407,-38.882],[-64.367,-38.883],[-64.313,-38.905],[-64.226,-38.927],[-64.154,-38.962],[-64.127,-38.968],[-64.083,-38.99],[-64.01,-39.003],[-63.999,-39.035],[-63.958,-39.046],[-63.929,-39.066],[-63.901,-39.105],[-63.842,-39.109],[-63.824,-39.129],[-63.792,-39.121],[-63.758,-39.129],[-63.764,-39.154],[-63.733,-39.186],[-63.669,-39.223],[-63.633,-39.229],[-63.626,-39.249],[-63.567,-39.259],[-63.538,-39.281],[-63.537,-39.298],[-63.505,-39.314],[-63.481,-39.311],[-63.433,-39.331],[-63.383,-39.329],[-63.382,-39.874],[-63.381,-39.965],[-63.379,-40.321],[-63.379,-40.71],[-63.362,-40.723],[-63.315,-40.707],[-63.283,-40.729],[-63.184,-40.722],[-63.151,-40.733],[-63.086,-40.766],[-63.05,-40.772],[-63.032,-40.794],[-62.991,-40.801],[-62.96,-40.817],[-62.942,-40.843],[-62.87,-40.905],[-62.843,-40.941],[-62.806,-40.98],[-62.79,-41.023],[-62.795,-41.024],[-62.817,-41.046],[-62.821,-41.049],[-62.822,-41.05],[-62.841,-41.061],[-62.844,-41.061],[-62.848,-41.063],[-62.886,-41.08],[-62.898,-41.083],[-62.914,-41.087],[-62.925,-41.09],[-62.936,-41.094],[-63,-41.112],[-63.004,-41.115],[-63.01,-41.121],[-63.046,-41.14],[-63.111,-41.155],[-63.115,-41.156],[-63.126,-41.156],[-63.136,-41.157],[-63.143,-41.157],[-63.147,-41.157],[-63.231,-41.158],[-63.29,-41.155],[-63.299,-41.153],[-63.315,-41.151],[-63.436,-41.162],[-63.474,-41.16],[-63.476,-41.159],[-63.481,-41.16],[-63.482,-41.16],[-63.496,-41.159],[-63.496,-41.16],[-63.504,-41.16],[-63.518,-41.16],[-63.519,-41.16],[-63.528,-41.16],[-63.535,-41.161],[-63.549,-41.16],[-63.594,-41.156],[-63.6,-41.156],[-63.665,-41.157],[-63.747,-41.158],[-63.772,-41.16],[-63.788,-41.159],[-63.889,-41.13],[-63.905,-41.112],[-63.907,-41.108],[-63.917,-41.098],[-63.935,-41.084],[-63.939,-41.082],[-63.95,-41.076],[-63.951,-41.076],[-63.961,-41.071],[-63.984,-41.064],[-63.991,-41.061],[-63.999,-41.059],[-64.006,-41.057],[-64.048,-41.044],[-64.064,-41.04],[-64.084,-41.034],[-64.088,-41.033],[-64.071,-40.995],[-64.087,-40.982],[-64.147,-41.017],[-64.204,-41.011],[-64.286,-40.973],[-64.31,-40.956],[-64.396,-40.927],[-64.409,-40.913],[-64.438,-40.905],[-64.454,-40.902],[-64.469,-40.898],[-64.476,-40.896],[-64.478,-40.895],[-64.48,-40.894],[-64.484,-40.893],[-64.494,-40.889],[-64.494,-40.888],[-64.497,-40.886],[-64.498,-40.884],[-64.5,-40.884],[-64.504,-40.882],[-64.505,-40.882],[-64.507,-40.881],[-64.51,-40.877],[-64.518,-40.875],[-64.522,-40.873],[-64.524,-40.872],[-64.526,-40.871],[-64.527,-40.87],[-64.529,-40.869],[-64.53,-40.868],[-64.535,-40.866],[-64.536,-40.866],[-64.543,-40.864],[-64.579,-40.857],[-64.583,-40.856],[-64.586,-40.855],[-64.598,-40.851],[-64.599,-40.851],[-64.618,-40.847],[-64.634,-40.844],[-64.65,-40.841],[-64.675,-40.838],[-64.678,-40.837],[-64.684,-40.835],[-64.7,-40.829],[-64.706,-40.827],[-64.708,-40.827],[-64.711,-40.825],[-64.712,-40.825],[-64.73,-40.822],[-64.746,-40.818],[-64.786,-40.819],[-64.874,-40.831],[-64.904,-40.811],[-64.906,-40.809],[-64.885,-40.798],[-64.857,-40.79],[-64.856,-40.789],[-64.85,-40.785],[-64.848,-40.784],[-64.847,-40.783],[-64.841,-40.784],[-64.845,-40.79],[-64.851,-40.793],[-64.856,-40.793],[-64.857,-40.794],[-64.853,-40.794],[-64.844,-40.812],[-64.843,-40.811],[-64.841,-40.808],[-64.84,-40.801],[-64.838,-40.797],[-64.838,-40.793],[-64.841,-40.791],[-64.84,-40.791],[-64.841,-40.787],[-64.839,-40.787],[-64.838,-40.787],[-64.835,-40.787],[-64.833,-40.787],[-64.831,-40.788],[-64.818,-40.794],[-64.807,-40.795],[-64.797,-40.802],[-64.79,-40.803],[-64.781,-40.803],[-64.776,-40.803],[-64.747,-40.81],[-64.741,-40.811],[-64.739,-40.809],[-64.743,-40.808],[-64.745,-40.805],[-64.748,-40.806],[-64.749,-40.806],[-64.746,-40.804],[-64.742,-40.803],[-64.74,-40.802],[-64.74,-40.803],[-64.738,-40.803],[-64.736,-40.803],[-64.734,-40.803],[-64.727,-40.799],[-64.735,-40.801],[-64.74,-40.8],[-64.744,-40.8],[-64.746,-40.8],[-64.751,-40.797],[-64.751,-40.796],[-64.752,-40.797],[-64.754,-40.794],[-64.749,-40.79],[-64.752,-40.768],[-64.755,-40.769],[-64.778,-40.767],[-64.779,-40.767],[-64.781,-40.771],[-64.783,-40.773],[-64.787,-40.775],[-64.787,-40.777],[-64.788,-40.778],[-64.789,-40.778],[-64.794,-40.781],[-64.795,-40.78],[-64.807,-40.767],[-64.803,-40.765],[-64.801,-40.763],[-64.799,-40.762],[-64.798,-40.763],[-64.798,-40.764],[-64.795,-40.762],[-64.792,-40.759],[-64.792,-40.758],[-64.793,-40.757],[-64.794,-40.756],[-64.795,-40.756],[-64.78,-40.739],[-64.777,-40.74],[-64.776,-40.739],[-64.778,-40.738],[-64.796,-40.732],[-64.809,-40.729],[-64.812,-40.73],[-64.824,-40.736],[-64.825,-40.737],[-64.826,-40.737],[-64.828,-40.734],[-64.838,-40.727],[-64.843,-40.727],[-64.845,-40.728],[-64.845,-40.73],[-64.846,-40.73],[-64.847,-40.731],[-64.848,-40.729],[-64.848,-40.728],[-64.846,-40.727],[-64.848,-40.718],[-64.931,-40.712],[-64.946,-40.711],[-64.945,-40.715],[-64.945,-40.716],[-64.942,-40.717],[-64.943,-40.717],[-64.949,-40.718],[-64.948,-40.719],[-64.948,-40.72],[-64.951,-40.72],[-64.951,-40.721],[-64.952,-40.721],[-64.954,-40.72],[-64.958,-40.722],[-64.958,-40.723],[-64.959,-40.724],[-64.961,-40.722],[-64.96,-40.725],[-64.959,-40.725],[-64.956,-40.724],[-64.948,-40.722],[-64.947,-40.723],[-64.943,-40.721],[-64.94,-40.722],[-64.94,-40.721],[-64.935,-40.722],[-64.936,-40.723],[-64.943,-40.723],[-64.959,-40.725],[-64.962,-40.725],[-64.966,-40.726],[-64.969,-40.726],[-64.97,-40.725],[-64.971,-40.725],[-64.972,-40.725],[-64.976,-40.723],[-64.977,-40.723],[-64.978,-40.724],[-64.984,-40.723],[-64.986,-40.722],[-64.988,-40.721],[-64.989,-40.723],[-64.981,-40.726],[-64.977,-40.725],[-64.974,-40.727],[-64.974,-40.728],[-64.972,-40.728],[-64.97,-40.728],[-64.953,-40.727],[-64.934,-40.726],[-64.927,-40.727],[-64.927,-40.729],[-64.921,-40.728],[-64.92,-40.729],[-64.92,-40.73],[-64.916,-40.729],[-64.915,-40.728],[-64.913,-40.731],[-64.914,-40.73],[-64.919,-40.731],[-64.918,-40.734],[-64.916,-40.743],[-64.917,-40.743],[-64.917,-40.742],[-64.918,-40.743],[-64.918,-40.744],[-64.919,-40.743],[-64.92,-40.744],[-64.919,-40.744],[-64.92,-40.743],[-64.921,-40.744],[-64.923,-40.744],[-64.926,-40.745],[-64.925,-40.743],[-64.928,-40.744],[-64.93,-40.744],[-64.93,-40.746],[-64.931,-40.746],[-64.932,-40.747],[-64.934,-40.746],[-64.935,-40.747],[-64.936,-40.747],[-64.938,-40.747],[-64.938,-40.745],[-64.94,-40.745],[-64.941,-40.74],[-64.941,-40.747],[-64.942,-40.747],[-64.943,-40.747],[-64.946,-40.747],[-64.946,-40.746],[-64.948,-40.747],[-64.947,-40.747],[-64.952,-40.749],[-64.949,-40.748],[-64.934,-40.75],[-64.928,-40.751],[-64.926,-40.751],[-64.923,-40.752],[-64.923,-40.751],[-64.926,-40.75],[-64.929,-40.75],[-64.928,-40.749],[-64.92,-40.751],[-64.916,-40.752],[-64.914,-40.753],[-64.912,-40.754],[-64.91,-40.755],[-64.9,-40.76],[-64.901,-40.761],[-64.903,-40.762],[-64.904,-40.762],[-64.941,-40.756],[-64.964,-40.755],[-64.988,-40.757],[-65.015,-40.763],[-65.077,-40.807],[-65.081,-40.809],[-65.101,-40.823],[-65.103,-40.825],[-65.105,-40.826],[-65.109,-40.829],[-65.114,-40.833],[-65.116,-40.838],[-65.117,-40.843],[-65.118,-40.844],[-65.119,-40.846],[-65.123,-40.849],[-65.125,-40.852],[-65.125,-40.872],[-65.129,-40.885],[-65.13,-40.886],[-65.132,-40.888],[-65.133,-40.889],[-65.139,-40.895],[-65.14,-40.896],[-65.147,-40.903],[-65.157,-40.928],[-65.157,-40.937],[-65.16,-40.941],[-65.161,-40.95],[-65.162,-40.951],[-65.162,-40.957],[-65.165,-40.963],[-65.167,-40.977],[-65.163,-41.014],[-65.16,-41.029],[-65.157,-41.05],[-65.158,-41.053],[-65.158,-41.054],[-65.167,-41.07],[-65.165,-41.073],[-65.164,-41.078],[-65.163,-41.084],[-65.148,-41.131],[-65.152,-41.161],[-65.136,-41.229],[-65.119,-41.261],[-65.117,-41.285],[-65.1,-41.32],[-65.102,-41.337],[-65.079,-41.38],[-65.075,-41.415],[-65.055,-41.431],[-65.045,-41.463],[-65.001,-41.488],[-65,-41.489],[-64.989,-41.519],[-65.001,-41.547],[-65.001,-41.573],[-65,-41.574],[-65.013,-41.601],[-65.013,-41.602],[-65.037,-41.601],[-65.037,-41.602],[-65.023,-41.644],[-65.027,-41.676],[-65.023,-41.727],[-65.021,-41.736],[-65.02,-41.737],[-65.019,-41.738],[-65.018,-41.739],[-65.014,-41.75],[-65.012,-41.752],[-65.001,-41.765],[-64.999,-41.768],[-65.002,-41.773],[-65.011,-41.777],[-65.013,-41.78],[-65.022,-41.833],[-65.026,-41.834],[-65.026,-41.833],[-65.028,-41.833],[-65.035,-41.833],[-65.047,-41.867],[-65.046,-41.871],[-65.049,-41.879],[-65.049,-41.877],[-65.051,-41.877],[-65.058,-41.896],[-65.058,-41.902],[-65.061,-41.902],[-65.062,-41.901],[-65.066,-41.908],[-65.063,-41.918],[-65.065,-41.943],[-65.074,-41.965],[-65.069,-41.985],[-65.069,-41.986],[-65.069,-41.987],[-65.069,-41.993],[-65.069,-41.995],[-65.07,-42]]]}},{"type":"Feature","properties":{"code":"AR-S","name":"Santa Fe"},"geometry":{"type":"Polygon","coordinates":[[[-62.884,-34.386],[-62.673,-34.112],[-62.411,-33.769],[-62.195,-33.482],[-62.021,-33.251],[-61.92,-33.12],[-61.884,-33.102],[-61.848,-33.056],[-61.824,-33.041],[-61.788,-33.006],[-61.791,-32.958],[-61.772,-32.913],[-61.793,-32.873],[-61.778,-32.83],[-61.796,-32.774],[-61.823,-32.758],[-61.858,-32.695],[-61.905,-32.696],[-61.947,-32.678],[-61.946,-32.651],[-61.89,-32.614],[-61.926,-32.583],[-61.903,-32.569],[-61.913,-32.5],[-61.944,-32.439],[-61.983,-32.395],[-62.012,-32.347],[-62.035,-32.268],[-62.044,-32.258],[-62.128,-32.209],[-62.178,-32.16],[-62.197,-32.115],[-62.167,-31.985],[-62.188,-31.922],[-62.222,-31.884],[-62.225,-31.838],[-62.217,-31.788],[-62.217,-31.741],[-62.24,-31.699],[-62.127,-31.617],[-62.043,-31.361],[-61.94,-31.046],[-61.843,-30.747],[-62.131,-30.48],[-62.114,-30.376],[-62.053,-30.02],[-62.017,-29.811],[-61.966,-29.512],[-61.928,-29.288],[-61.877,-28.988],[-61.833,-28.725],[-61.804,-28.552],[-61.739,-28.167],[-61.712,-27.999],[-61.407,-28],[-61.184,-27.998],[-60.817,-27.999],[-60.569,-28],[-60.217,-28.001],[-59.759,-28.001],[-59.381,-28.001],[-58.899,-28.001],[-58.895,-28.045],[-58.902,-28.084],[-58.934,-28.121],[-58.981,-28.136],[-59.075,-28.136],[-59.097,-28.206],[-59.111,-28.235],[-59.103,-28.291],[-59.092,-28.326],[-59.063,-28.353],[-59.075,-28.407],[-59.043,-28.447],[-59.047,-28.494],[-59.066,-28.524],[-59.1,-28.546],[-59.117,-28.586],[-59.081,-28.665],[-59.12,-28.736],[-59.14,-28.784],[-59.14,-28.813],[-59.154,-28.865],[-59.165,-28.884],[-59.178,-28.941],[-59.21,-28.972],[-59.202,-29.023],[-59.218,-29.058],[-59.282,-29.101],[-59.346,-29.118],[-59.343,-29.165],[-59.375,-29.166],[-59.397,-29.192],[-59.399,-29.217],[-59.439,-29.226],[-59.492,-29.246],[-59.514,-29.268],[-59.511,-29.339],[-59.577,-29.38],[-59.602,-29.391],[-59.581,-29.454],[-59.632,-29.534],[-59.603,-29.584],[-59.605,-29.604],[-59.626,-29.651],[-59.632,-29.691],[-59.614,-29.742],[-59.619,-29.761],[-59.661,-29.821],[-59.658,-29.851],[-59.633,-29.871],[-59.603,-29.911],[-59.594,-29.962],[-59.568,-30.01],[-59.584,-30.057],[-59.615,-30.101],[-59.629,-30.171],[-59.643,-30.211],[-59.644,-30.247],[-59.664,-30.303],[-59.674,-30.344],[-59.687,-30.398],[-59.699,-30.421],[-59.69,-30.456],[-59.653,-30.486],[-59.651,-30.591],[-59.661,-30.63],[-59.65,-30.663],[-59.628,-30.695],[-59.636,-30.721],[-59.678,-30.762],[-59.721,-30.849],[-59.76,-30.9],[-59.816,-30.942],[-59.834,-30.981],[-59.886,-31.065],[-59.975,-31.175],[-60.004,-31.239],[-60.028,-31.26],[-60.072,-31.276],[-60.092,-31.295],[-60.084,-31.34],[-60.112,-31.408],[-60.147,-31.445],[-60.19,-31.465],[-60.212,-31.5],[-60.247,-31.531],[-60.314,-31.538],[-60.341,-31.564],[-60.331,-31.579],[-60.335,-31.607],[-60.476,-31.698],[-60.501,-31.703],[-60.545,-31.697],[-60.569,-31.7],[-60.636,-31.742],[-60.639,-31.777],[-60.667,-31.798],[-60.677,-31.82],[-60.657,-31.842],[-60.652,-31.898],[-60.66,-31.917],[-60.694,-31.946],[-60.691,-31.969],[-60.672,-31.997],[-60.675,-32.045],[-60.659,-32.071],[-60.663,-32.096],[-60.704,-32.147],[-60.704,-32.181],[-60.681,-32.211],[-60.673,-32.234],[-60.683,-32.324],[-60.714,-32.324],[-60.737,-32.344],[-60.714,-32.378],[-60.719,-32.431],[-60.737,-32.474],[-60.764,-32.496],[-60.771,-32.522],[-60.752,-32.544],[-60.743,-32.59],[-60.748,-32.632],[-60.714,-32.683],[-60.722,-32.757],[-60.702,-32.796],[-60.68,-32.888],[-60.667,-32.912],[-60.622,-32.944],[-60.61,-32.959],[-60.605,-32.998],[-60.555,-33.059],[-60.523,-33.08],[-60.497,-33.131],[-60.464,-33.147],[-60.429,-33.153],[-60.377,-33.181],[-60.327,-33.179],[-60.284,-33.201],[-60.293,-33.245],[-60.26,-33.262],[-60.29,-33.323],[-60.324,-33.352],[-60.322,-33.374],[-60.346,-33.424],[-60.384,-33.445],[-60.41,-33.468],[-60.422,-33.515],[-60.418,-33.559],[-60.457,-33.582],[-60.458,-33.628],[-60.469,-33.638],[-60.523,-33.649],[-60.557,-33.647],[-60.6,-33.629],[-60.625,-33.626],[-60.661,-33.595],[-60.692,-33.584],[-60.746,-33.588],[-60.782,-33.578],[-60.825,-33.544],[-60.861,-33.546],[-60.882,-33.557],[-60.918,-33.589],[-60.922,-33.637],[-60.934,-33.654],[-60.975,-33.676],[-61.035,-33.731],[-61.127,-33.826],[-61.311,-34.01],[-61.529,-34.209],[-61.649,-34.319],[-61.718,-34.386],[-62.067,-34.386],[-62.363,-34.386],[-62.707,-34.386],[-62.884,-34.386]]]}},{"type":"Feature","properties":{"code":"AR-T","name":"Tucumán"},"geometry":{"type":"Polygon","coordinates":[[[-66.1,-26.22],[-66.071,-26.239],[-66.047,-26.241],[-66,-26.264],[-65.719,-26.353],[-65.711,-26.34],[-65.723,-26.313],[-65.707,-26.299],[-65.724,-26.279],[-65.708,-26.258],[-65.703,-26.225],[-65.71,-26.207],[-65.695,-26.186],[-65.7,-26.158],[-65.688,-26.117],[-65.641,-26.111],[-65.629,-26.123],[-65.602,-26.121],[-65.549,-26.088],[-65.521,-26.095],[-65.505,-26.09],[-65.424,-26.109],[-65.361,-26.058],[-65.323,-26.071],[-65.292,-26.102],[-65.272,-26.173],[-65.045,-26.23],[-65.04,-26.283],[-64.974,-26.277],[-64.951,-26.307],[-64.897,-26.279],[-64.873,-26.275],[-64.84,-26.237],[-64.819,-26.239],[-64.79,-26.224],[-64.758,-26.225],[-64.75,-26.237],[-64.715,-26.235],[-64.662,-26.243],[-64.624,-26.226],[-64.6,-26.231],[-64.58,-26.219],[-64.561,-26.224],[-64.495,-26.219],[-64.503,-26.239],[-64.482,-26.307],[-64.529,-26.37],[-64.534,-26.409],[-64.517,-26.489],[-64.521,-26.548],[-64.509,-26.549],[-64.505,-26.677],[-64.59,-26.661],[-64.622,-26.809],[-64.672,-26.8],[-64.711,-26.974],[-64.753,-26.966],[-64.761,-27.003],[-64.749,-27.005],[-64.771,-27.078],[-64.781,-27.076],[-64.798,-27.151],[-64.811,-27.149],[-64.855,-27.318],[-64.933,-27.345],[-65.012,-27.466],[-64.989,-27.493],[-64.956,-27.546],[-64.988,-27.566],[-65.012,-27.571],[-65.03,-27.587],[-64.988,-27.734],[-65.033,-27.739],[-65.016,-27.791],[-65.04,-27.879],[-65.09,-27.894],[-65.168,-27.907],[-65.171,-27.946],[-65.288,-27.871],[-65.361,-27.829],[-65.419,-27.887],[-65.442,-27.89],[-65.472,-27.914],[-65.501,-27.924],[-65.523,-27.949],[-65.528,-27.972],[-65.576,-28.014],[-65.613,-27.991],[-65.618,-27.971],[-65.668,-27.97],[-65.672,-27.93],[-65.699,-27.89],[-65.699,-27.836],[-65.718,-27.802],[-65.758,-27.766],[-65.804,-27.768],[-65.794,-27.784],[-65.803,-27.816],[-65.828,-27.819],[-65.848,-27.751],[-65.875,-27.673],[-65.915,-27.669],[-65.931,-27.64],[-65.944,-27.595],[-65.966,-27.543],[-65.974,-27.503],[-65.974,-27.415],[-65.965,-27.382],[-65.972,-27.334],[-65.994,-27.315],[-66.03,-27.298],[-66.066,-27.292],[-66.117,-27.266],[-66.133,-27.241],[-66.111,-27.216],[-66.078,-27.209],[-66.055,-27.144],[-66.021,-27.114],[-65.991,-27.106],[-65.978,-27.088],[-65.966,-27.035],[-65.913,-27.007],[-65.912,-26.981],[-65.891,-26.975],[-65.875,-26.933],[-65.858,-26.929],[-65.858,-26.901],[-65.901,-26.864],[-65.894,-26.842],[-65.875,-26.82],[-65.854,-26.76],[-65.833,-26.738],[-65.972,-26.645],[-66.044,-26.6],[-66.172,-26.629],[-66.168,-26.601],[-66.176,-26.578],[-66.165,-26.535],[-66.178,-26.483],[-66.153,-26.436],[-66.161,-26.419],[-66.153,-26.396],[-66.119,-26.377],[-66.114,-26.343],[-66.122,-26.305],[-66.118,-26.264],[-66.103,-26.26],[-66.1,-26.22]]]}},{"type":"Feature","properties":{"code":"AR-U","name":"Chubut"},"geometry":{"type":"Polygon","coordinates":[[[-67.596,-46],[-67.92,-46],[-68.269,-46],[-68.608,-46],[-68.917,-46],[-69.268,-46],[-69.655,-46],[-70.162,-46],[-70.534,-46],[-71.029,-46],[-71.4,-46],[-71.648,-46],[-71.614,-45.963],[-71.624,-45.935],[-71.641,-45.922],[-71.656,-45.886],[-71.718,-45.855],[-71.769,-45.846],[-71.741,-45.807],[-71.759,-45.791],[-71.754,-45.774],[-71.798,-45.711],[-71.773,-45.697],[-71.795,-45.665],[-71.727,-45.577],[-71.764,-45.575],[-71.746,-45.542],[-71.694,-45.534],[-71.682,-45.514],[-71.644,-45.517],[-71.6,-45.51],[-71.561,-45.524],[-71.477,-45.497],[-71.47,-45.48],[-71.509,-45.461],[-71.509,-45.448],[-71.532,-45.397],[-71.492,-45.385],[-71.438,-45.389],[-71.449,-45.368],[-71.385,-45.35],[-71.333,-45.319],[-71.321,-45.291],[-71.347,-45.272],[-71.331,-45.25],[-71.35,-45.23],[-71.419,-45.176],[-71.42,-45.157],[-71.47,-45.148],[-71.506,-45.091],[-71.511,-45.061],[-71.556,-45.033],[-71.55,-45.005],[-71.56,-44.979],[-71.684,-44.969],[-71.705,-44.955],[-71.742,-44.954],[-71.753,-44.927],[-71.78,-44.941],[-71.812,-44.921],[-71.888,-44.944],[-71.933,-44.943],[-71.947,-44.921],[-71.972,-44.922],[-71.979,-44.904],[-72.02,-44.896],[-72.05,-44.882],[-72.041,-44.865],[-72.069,-44.851],[-72.037,-44.815],[-72.034,-44.801],[-72.074,-44.781],[-72.056,-44.757],[-72.006,-44.783],[-71.954,-44.786],[-71.932,-44.799],[-71.913,-44.777],[-71.885,-44.797],[-71.856,-44.802],[-71.812,-44.784],[-71.824,-44.774],[-71.784,-44.751],[-71.735,-44.768],[-71.693,-44.766],[-71.675,-44.786],[-71.619,-44.777],[-71.594,-44.78],[-71.584,-44.756],[-71.494,-44.737],[-71.432,-44.757],[-71.396,-44.79],[-71.347,-44.794],[-71.328,-44.808],[-71.276,-44.809],[-71.237,-44.791],[-71.238,-44.773],[-71.207,-44.75],[-71.198,-44.689],[-71.219,-44.675],[-71.235,-44.641],[-71.187,-44.593],[-71.121,-44.597],[-71.106,-44.576],[-71.092,-44.533],[-71.133,-44.507],[-71.159,-44.504],[-71.137,-44.469],[-71.177,-44.439],[-71.233,-44.431],[-71.24,-44.418],[-71.332,-44.429],[-71.354,-44.42],[-71.365,-44.39],[-71.45,-44.399],[-71.476,-44.391],[-71.538,-44.406],[-71.572,-44.409],[-71.615,-44.396],[-71.655,-44.41],[-71.691,-44.399],[-71.695,-44.384],[-71.807,-44.42],[-71.806,-44.403],[-71.84,-44.35],[-71.802,-44.341],[-71.791,-44.314],[-71.804,-44.291],[-71.811,-44.254],[-71.8,-44.225],[-71.807,-44.188],[-71.834,-44.163],[-71.852,-44.13],[-71.847,-44.11],[-71.782,-44.112],[-71.752,-44.094],[-71.736,-44.066],[-71.716,-44.025],[-71.696,-44.006],[-71.682,-43.974],[-71.649,-43.946],[-71.666,-43.902],[-71.707,-43.894],[-71.704,-43.867],[-71.759,-43.845],[-71.751,-43.785],[-71.703,-43.739],[-71.697,-43.726],[-71.662,-43.721],[-71.662,-43.704],[-71.611,-43.701],[-71.611,-43.676],[-71.588,-43.676],[-71.581,-43.651],[-71.608,-43.628],[-71.65,-43.62],[-71.69,-43.627],[-71.708,-43.607],[-71.716,-43.578],[-71.76,-43.584],[-71.777,-43.539],[-71.828,-43.551],[-71.871,-43.553],[-71.879,-43.533],[-71.849,-43.483],[-71.889,-43.45],[-71.931,-43.457],[-71.914,-43.415],[-71.933,-43.387],[-71.894,-43.38],[-71.889,-43.359],[-71.897,-43.32],[-71.843,-43.335],[-71.792,-43.298],[-71.732,-43.307],[-71.732,-43.282],[-71.757,-43.228],[-71.73,-43.201],[-71.761,-43.165],[-71.823,-43.151],[-71.854,-43.13],[-71.888,-43.127],[-71.893,-43.107],[-71.924,-43.101],[-71.945,-43.046],[-72.003,-43.038],[-72.036,-43.014],[-72.076,-42.949],[-72.093,-42.95],[-72.143,-42.898],[-72.119,-42.882],[-72.146,-42.851],[-72.165,-42.799],[-72.139,-42.79],[-72.129,-42.733],[-72.138,-42.713],[-72.18,-42.698],[-72.174,-42.675],[-72.149,-42.682],[-72.123,-42.673],[-72.096,-42.642],[-72.114,-42.631],[-72.104,-42.6],[-72.075,-42.566],[-72.052,-42.551],[-72.028,-42.515],[-72.026,-42.484],[-72.04,-42.459],[-72.023,-42.418],[-72.036,-42.4],[-72.063,-42.394],[-72.118,-42.395],[-72.133,-42.384],[-72.137,-42.328],[-72.121,-42.324],[-72.168,-42.26],[-72.154,-42.243],[-72.166,-42.211],[-72.158,-42.194],[-72.188,-42.169],[-72.173,-42.14],[-72.122,-42.154],[-72.093,-42.154],[-72.079,-42.134],[-72.049,-42.116],[-72.013,-42.137],[-71.97,-42.145],[-71.927,-42.19],[-71.895,-42.18],[-71.874,-42.155],[-71.841,-42.161],[-71.772,-42.129],[-71.73,-42.122],[-71.727,-42.101],[-71.741,-42.083],[-71.728,-42.046],[-71.757,-42.037],[-71.774,-42],[-71.471,-42],[-71.127,-42],[-70.699,-42],[-70.351,-42],[-69.818,-41.999],[-69.418,-41.999],[-69.074,-42],[-68.582,-42],[-68.086,-42],[-67.191,-42],[-66.878,-42],[-66.133,-42],[-65.728,-42],[-65.291,-42],[-65.07,-42],[-65.07,-42.001],[-65.066,-42.022],[-65.042,-42.062],[-64.984,-42.122],[-64.945,-42.148],[-64.885,-42.179],[-64.819,-42.199],[-64.8,-42.196],[-64.75,-42.212],[-64.695,-42.216],[-64.615,-42.23],[-64.519,-42.237],[-64.473,-42.237],[-64.491,-42.261],[-64.547,-42.295],[-64.568,-42.326],[-64.577,-42.357],[-64.596,-42.386],[-64.617,-42.395],[-64.61,-42.426],[-64.555,-42.432],[-64.541,-42.425],[-64.475,-42.439],[-64.416,-42.433],[-64.293,-42.414],[-64.211,-42.422],[-64.193,-42.416],[-64.125,-42.43],[-64.097,-42.404],[-64.054,-42.381],[-64.041,-42.349],[-64.061,-42.334],[-64.045,-42.306],[-64.073,-42.262],[-64.123,-42.242],[-64.152,-42.239],[-64.187,-42.247],[-64.23,-42.243],[-64.245,-42.234],[-64.311,-42.252],[-64.36,-42.244],[-64.369,-42.235],[-64.138,-42.195],[-64.041,-42.164],[-64.025,-42.149],[-63.986,-42.137],[-63.966,-42.115],[-63.881,-42.085],[-63.798,-42.072],[-63.759,-42.076],[-63.739,-42.097],[-63.726,-42.136],[-63.679,-42.214],[-63.623,-42.279],[-63.598,-42.331],[-63.636,-42.318],[-63.653,-42.324],[-63.623,-42.354],[-63.615,-42.376],[-63.613,-42.486],[-63.598,-42.511],[-63.604,-42.546],[-63.59,-42.57],[-63.585,-42.614],[-63.605,-42.629],[-63.622,-42.676],[-63.638,-42.697],[-63.63,-42.764],[-63.677,-42.792],[-63.709,-42.804],[-63.79,-42.814],[-63.917,-42.843],[-63.941,-42.843],[-64.104,-42.878],[-64.146,-42.874],[-64.184,-42.842],[-64.21,-42.81],[-64.236,-42.791],[-64.262,-42.743],[-64.245,-42.709],[-64.248,-42.681],[-64.21,-42.626],[-64.225,-42.615],[-64.272,-42.616],[-64.257,-42.596],[-64.282,-42.574],[-64.303,-42.586],[-64.316,-42.549],[-64.403,-42.517],[-64.492,-42.5],[-64.521,-42.501],[-64.58,-42.491],[-64.629,-42.496],[-64.678,-42.51],[-64.762,-42.552],[-64.788,-42.578],[-64.833,-42.608],[-64.932,-42.62],[-64.983,-42.653],[-64.996,-42.698],[-65.033,-42.725],[-65.036,-42.757],[-65.015,-42.781],[-64.973,-42.793],[-64.958,-42.785],[-64.874,-42.835],[-64.811,-42.84],[-64.779,-42.857],[-64.701,-42.883],[-64.695,-42.898],[-64.648,-42.915],[-64.6,-42.923],[-64.523,-42.924],[-64.491,-42.948],[-64.396,-42.953],[-64.329,-42.937],[-64.308,-42.979],[-64.329,-43.003],[-64.413,-43.034],[-64.458,-43.065],[-64.553,-43.094],[-64.683,-43.126],[-64.767,-43.154],[-64.888,-43.207],[-64.971,-43.253],[-64.997,-43.272],[-65.043,-43.318],[-65.055,-43.342],[-65.043,-43.381],[-65.053,-43.404],[-65.138,-43.467],[-65.173,-43.505],[-65.193,-43.54],[-65.228,-43.556],[-65.278,-43.591],[-65.332,-43.657],[-65.35,-43.718],[-65.35,-43.775],[-65.322,-43.782],[-65.328,-43.845],[-65.316,-43.861],[-65.299,-43.934],[-65.283,-43.963],[-65.252,-43.983],[-65.251,-44.027],[-65.217,-44.049],[-65.241,-44.086],[-65.233,-44.146],[-65.27,-44.145],[-65.304,-44.177],[-65.311,-44.213],[-65.293,-44.256],[-65.27,-44.271],[-65.27,-44.298],[-65.258,-44.327],[-65.223,-44.338],[-65.233,-44.386],[-65.257,-44.387],[-65.281,-44.422],[-65.312,-44.428],[-65.312,-44.468],[-65.333,-44.507],[-65.376,-44.517],[-65.372,-44.54],[-65.393,-44.559],[-65.436,-44.57],[-65.498,-44.604],[-65.548,-44.623],[-65.645,-44.671],[-65.69,-44.721],[-65.702,-44.801],[-65.728,-44.809],[-65.728,-44.848],[-65.713,-44.87],[-65.638,-44.884],[-65.607,-44.898],[-65.573,-44.896],[-65.526,-44.924],[-65.536,-44.938],[-65.593,-44.957],[-65.605,-44.985],[-65.595,-45.005],[-65.611,-45.034],[-65.643,-45.041],[-65.737,-45.041],[-65.739,-45.024],[-65.78,-45.027],[-65.843,-45.004],[-65.893,-45.009],[-65.886,-45.039],[-65.963,-45.043],[-66.006,-45.006],[-66.071,-44.991],[-66.12,-44.986],[-66.151,-44.994],[-66.197,-44.984],[-66.23,-45.007],[-66.269,-45.047],[-66.286,-45.051],[-66.36,-45.04],[-66.373,-45.058],[-66.398,-45.054],[-66.422,-45.07],[-66.462,-45.076],[-66.494,-45.099],[-66.533,-45.114],[-66.524,-45.149],[-66.465,-45.144],[-66.468,-45.162],[-66.512,-45.157],[-66.558,-45.145],[-66.591,-45.158],[-66.564,-45.178],[-66.536,-45.175],[-66.514,-45.2],[-66.543,-45.225],[-66.563,-45.213],[-66.664,-45.212],[-66.7,-45.224],[-66.738,-45.223],[-66.825,-45.235],[-66.874,-45.237],[-66.942,-45.262],[-67.014,-45.307],[-67.068,-45.352],[-67.073,-45.364],[-67.139,-45.423],[-67.168,-45.462],[-67.234,-45.532],[-67.284,-45.568],[-67.344,-45.623],[-67.359,-45.648],[-67.361,-45.697],[-67.342,-45.724],[-67.378,-45.733],[-67.368,-45.787],[-67.393,-45.787],[-67.427,-45.811],[-67.453,-45.819],[-67.48,-45.866],[-67.545,-45.921],[-67.573,-45.977],[-67.596,-46]]]}},{"type":"Feature","properties":{"code":"AR-V","name":"Tierra del Fuego"},"geometry":{"type":"MultiPolygon","coordinates":[[[[-64.639,-54.798],[-64.636,-54.799],[-64.568,-54.813],[-64.55,-54.795],[-64.518,-54.798],[-64.517,-54.798],[-64.518,-54.794],[-64.517,-54.793],[-64.543,-54.769],[-64.519,-54.743],[-64.517,-54.743],[-64.486,-54.764],[-64.444,-54.762],[-64.408,-54.775],[-64.362,-54.775],[-64.376,-54.752],[-64.324,-54.736],[-64.278,-54.731],[-64.276,-54.733],[-64.244,-54.745],[-64.155,-54.741],[-64.157,-54.741],[-64.138,-54.732],[-64.084,-54.752],[-64.07,-54.728],[-64.037,-54.742],[-64.036,-54.742],[-64.036,-54.746],[-64.037,-54.747],[-64.037,-54.749],[-64.036,-54.749],[-64.036,-54.76],[-64.037,-54.761],[-63.992,-54.737],[-63.917,-54.726],[-63.915,-54.725],[-63.877,-54.718],[-63.844,-54.728],[-63.809,-54.719],[-63.8,-54.748],[-63.847,-54.78],[-63.898,-54.79],[-63.92,-54.803],[-63.959,-54.784],[-64.023,-54.791],[-64.094,-54.815],[-64.095,-54.815],[-64.119,-54.815],[-64.121,-54.815],[-64.124,-54.815],[-64.124,-54.816],[-64.156,-54.827],[-64.156,-54.826],[-64.157,-54.826],[-64.156,-54.826],[-64.155,-54.825],[-64.157,-54.825],[-64.181,-54.839],[-64.229,-54.823],[-64.237,-54.791],[-64.306,-54.788],[-64.308,-54.811],[-64.357,-54.835],[-64.39,-54.828],[-64.4,-54.85],[-64.426,-54.865],[-64.515,-54.87],[-64.518,-54.87],[-64.587,-54.905],[-64.637,-54.908],[-64.638,-54.908],[-64.669,-54.876],[-64.686,-54.843],[-64.737,-54.859],[-64.756,-54.836],[-64.714,-54.798],[-64.684,-54.785],[-64.639,-54.798]]],[[[-67.529,-54.905],[-67.524,-54.884],[-67.475,-54.884],[-67.46,-54.902],[-67.483,-54.916],[-67.529,-54.905]]],[[[-68.609,-54.894],[-68.596,-54.873],[-68.596,-54.809],[-68.607,-54.556],[-68.608,-54.189],[-68.607,-53.8],[-68.607,-53.48],[-68.606,-53.198],[-68.607,-52.975],[-68.606,-52.658],[-68.569,-52.701],[-68.565,-52.705],[-68.412,-52.844],[-68.285,-52.953],[-68.264,-53],[-68.371,-53.023],[-68.391,-53.05],[-68.442,-53.076],[-68.458,-53.095],[-68.537,-53.145],[-68.561,-53.173],[-68.566,-53.212],[-68.566,-53.213],[-68.568,-53.213],[-68.566,-53.216],[-68.565,-53.217],[-68.558,-53.25],[-68.537,-53.252],[-68.479,-53.286],[-68.44,-53.301],[-68.324,-53.32],[-68.207,-53.307],[-68.136,-53.331],[-68.106,-53.358],[-68.082,-53.392],[-68.053,-53.492],[-68.025,-53.543],[-67.997,-53.579],[-67.918,-53.65],[-67.83,-53.703],[-67.725,-53.755],[-67.724,-53.758],[-67.705,-53.769],[-67.697,-53.78],[-67.584,-53.832],[-67.579,-53.875],[-67.567,-53.898],[-67.536,-53.927],[-67.488,-53.944],[-67.441,-53.982],[-67.377,-53.999],[-67.319,-54.048],[-67.288,-54.057],[-67.25,-54.082],[-67.169,-54.109],[-67.131,-54.128],[-67.051,-54.144],[-66.96,-54.179],[-66.905,-54.216],[-66.862,-54.224],[-66.764,-54.251],[-66.736,-54.276],[-66.704,-54.289],[-66.7,-54.306],[-66.664,-54.341],[-66.558,-54.405],[-66.558,-54.407],[-66.531,-54.434],[-66.491,-54.45],[-66.462,-54.48],[-66.41,-54.487],[-66.409,-54.487],[-66.359,-54.502],[-66.308,-54.508],[-66.263,-54.525],[-66.152,-54.557],[-66.052,-54.578],[-65.98,-54.598],[-65.978,-54.598],[-65.858,-54.639],[-65.801,-54.652],[-65.767,-54.649],[-65.69,-54.663],[-65.57,-54.651],[-65.526,-54.662],[-65.34,-54.638],[-65.339,-54.637],[-65.338,-54.637],[-65.337,-54.638],[-65.336,-54.637],[-65.333,-54.637],[-65.332,-54.636],[-65.331,-54.637],[-65.33,-54.637],[-65.327,-54.637],[-65.325,-54.637],[-65.324,-54.637],[-65.321,-54.636],[-65.32,-54.636],[-65.32,-54.635],[-65.319,-54.635],[-65.318,-54.635],[-65.317,-54.634],[-65.316,-54.635],[-65.313,-54.633],[-65.309,-54.633],[-65.308,-54.633],[-65.3,-54.63],[-65.298,-54.63],[-65.291,-54.628],[-65.285,-54.628],[-65.283,-54.628],[-65.283,-54.629],[-65.283,-54.63],[-65.282,-54.63],[-65.281,-54.631],[-65.28,-54.631],[-65.279,-54.631],[-65.278,-54.63],[-65.276,-54.63],[-65.276,-54.629],[-65.275,-54.629],[-65.273,-54.628],[-65.271,-54.626],[-65.27,-54.627],[-65.264,-54.626],[-65.262,-54.625],[-65.26,-54.624],[-65.258,-54.624],[-65.256,-54.624],[-65.256,-54.623],[-65.254,-54.623],[-65.25,-54.623],[-65.249,-54.623],[-65.244,-54.621],[-65.235,-54.619],[-65.236,-54.62],[-65.238,-54.621],[-65.24,-54.625],[-65.244,-54.627],[-65.245,-54.628],[-65.241,-54.635],[-65.239,-54.635],[-65.235,-54.636],[-65.235,-54.637],[-65.237,-54.638],[-65.238,-54.638],[-65.24,-54.639],[-65.241,-54.639],[-65.247,-54.639],[-65.25,-54.64],[-65.25,-54.645],[-65.245,-54.647],[-65.248,-54.648],[-65.25,-54.648],[-65.252,-54.649],[-65.253,-54.649],[-65.253,-54.65],[-65.261,-54.651],[-65.263,-54.65],[-65.265,-54.65],[-65.266,-54.651],[-65.265,-54.652],[-65.265,-54.653],[-65.266,-54.654],[-65.265,-54.654],[-65.262,-54.653],[-65.262,-54.654],[-65.262,-54.655],[-65.262,-54.656],[-65.261,-54.656],[-65.263,-54.656],[-65.264,-54.657],[-65.265,-54.657],[-65.265,-54.658],[-65.266,-54.658],[-65.266,-54.659],[-65.266,-54.66],[-65.265,-54.661],[-65.265,-54.662],[-65.267,-54.662],[-65.267,-54.663],[-65.268,-54.663],[-65.268,-54.664],[-65.269,-54.665],[-65.268,-54.665],[-65.269,-54.666],[-65.271,-54.666],[-65.273,-54.667],[-65.275,-54.668],[-65.275,-54.669],[-65.276,-54.669],[-65.277,-54.67],[-65.277,-54.671],[-65.276,-54.67],[-65.274,-54.67],[-65.274,-54.669],[-65.271,-54.667],[-65.239,-54.659],[-65.242,-54.651],[-65.244,-54.649],[-65.127,-54.652],[-65.13,-54.665],[-65.175,-54.681],[-65.198,-54.705],[-65.201,-54.732],[-65.2,-54.732],[-65.218,-54.748],[-65.205,-54.78],[-65.265,-54.805],[-65.226,-54.818],[-65.265,-54.841],[-65.281,-54.863],[-65.312,-54.872],[-65.316,-54.906],[-65.35,-54.928],[-65.394,-54.942],[-65.424,-54.923],[-65.427,-54.895],[-65.46,-54.889],[-65.499,-54.901],[-65.497,-54.928],[-65.525,-54.939],[-65.569,-54.937],[-65.616,-54.952],[-65.631,-54.969],[-65.719,-54.967],[-65.707,-54.95],[-65.737,-54.909],[-65.789,-54.904],[-65.831,-54.914],[-65.846,-54.902],[-65.89,-54.9],[-65.909,-54.912],[-65.984,-54.903],[-65.981,-54.924],[-65.978,-54.924],[-65.958,-54.942],[-65.979,-54.966],[-66.038,-54.983],[-66.105,-54.993],[-66.195,-54.997],[-66.308,-54.992],[-66.311,-54.993],[-66.316,-54.994],[-66.336,-54.998],[-66.337,-54.998],[-66.349,-55],[-66.37,-55.01],[-66.372,-55.039],[-66.409,-55.044],[-66.424,-55.049],[-66.523,-55.056],[-66.661,-55.018],[-66.719,-54.998],[-66.763,-54.962],[-66.874,-54.942],[-66.935,-54.941],[-67.007,-54.923],[-67.103,-54.909],[-67.156,-54.893],[-67.297,-54.887],[-67.341,-54.87],[-67.394,-54.89],[-67.44,-54.87],[-67.532,-54.867],[-67.624,-54.884],[-67.691,-54.887],[-67.76,-54.88],[-67.83,-54.86],[-67.899,-54.859],[-67.957,-54.851],[-67.99,-54.856],[-68.107,-54.827],[-68.192,-54.818],[-68.232,-54.798],[-68.282,-54.801],[-68.283,-54.802],[-68.288,-54.804],[-68.289,-54.805],[-68.303,-54.808],[-68.305,-54.809],[-68.307,-54.809],[-68.308,-54.809],[-68.309,-54.809],[-68.313,-54.81],[-68.314,-54.811],[-68.315,-54.811],[-68.315,-54.812],[-68.311,-54.814],[-68.309,-54.814],[-68.354,-54.839],[-68.357,-54.84],[-68.373,-54.842],[-68.373,-54.843],[-68.381,-54.85],[-68.458,-54.859],[-68.482,-54.847],[-68.523,-54.858],[-68.566,-54.852],[-68.566,-54.858],[-68.539,-54.866],[-68.527,-54.874],[-68.562,-54.891],[-68.609,-54.894]]],[[[-58.85,-51.27],[-58.697,-51.328],[-58.506,-51.308],[-58.426,-51.324],[-58.379,-51.373],[-58.407,-51.418],[-58.467,-51.412],[-58.519,-51.424],[-58.509,-51.484],[-58.474,-51.509],[-58.272,-51.575],[-58.234,-51.579],[-58.241,-51.551],[-58.276,-51.506],[-58.289,-51.458],[-58.259,-51.417],[-58.206,-51.405],[-57.977,-51.384],[-57.922,-51.404],[-57.809,-51.518],[-57.915,-51.534],[-57.96,-51.583],[-57.866,-51.605],[-57.792,-51.636],[-57.831,-51.685],[-57.838,-51.709],[-58.151,-51.765],[-58.218,-51.822],[-58.336,-51.864],[-58.684,-51.936],[-58.643,-51.995],[-58.638,-52.023],[-58.653,-52.099],[-59.131,-52.008],[-59.196,-52.018],[-59.068,-52.173],[-59.163,-52.202],[-59.256,-52.183],[-59.342,-52.196],[-59.396,-52.308],[-59.532,-52.236],[-59.649,-52.134],[-59.649,-52.077],[-59.537,-51.971],[-59.571,-51.925],[-59.309,-51.781],[-59.262,-51.737],[-59.18,-51.712],[-59.095,-51.704],[-59.059,-51.685],[-59.065,-51.65],[-59.099,-51.59],[-59.097,-51.491],[-58.887,-51.358],[-58.917,-51.272],[-58.85,-51.27]]],[[[-60.286,-51.462],[-60.142,-51.481],[-60.009,-51.41],[-59.917,-51.388],[-59.842,-51.403],[-59.788,-51.446],[-59.711,-51.439],[-59.493,-51.396],[-59.465,-51.41],[-59.388,-51.36],[-59.321,-51.384],[-59.268,-51.428],[-59.294,-51.478],[-59.354,-51.511],[-59.392,-51.556],[-59.437,-51.593],[-59.514,-51.627],[-59.715,-51.808],[-59.921,-51.969],[-59.99,-51.984],[-60.132,-51.994],[-60.194,-51.983],[-60.246,-51.986],[-60.288,-52.074],[-60.353,-52.14],[-60.384,-52.154],[-60.484,-52.17],[-60.508,-52.195],[-60.686,-52.188],[-60.812,-52.148],[-60.961,-52.057],[-60.763,-51.947],[-60.591,-51.952],[-60.45,-51.877],[-60.334,-51.84],[-60.239,-51.772],[-60.238,-51.734],[-60.276,-51.717],[-60.328,-51.718],[-60.38,-51.735],[-60.5,-51.757],[-60.583,-51.713],[-60.528,-51.696],[-60.467,-51.697],[-60.281,-51.656],[-60.245,-51.639],[-60.303,-51.581],[-60.415,-51.545],[-60.506,-51.485],[-60.523,-51.463],[-60.518,-51.428],[-60.569,-51.358],[-60.516,-51.354],[-60.446,-51.399],[-60.286,-51.462]]],[[[-61.019,-51.786],[-60.947,-51.8],[-60.876,-51.794],[-60.916,-51.897],[-60.948,-51.946],[-61.032,-51.943],[-61.116,-51.875],[-61.145,-51.84],[-61.052,-51.814],[-61.019,-51.786]]],[[[-58.439,-52.011],[-58.433,-52.099],[-58.513,-52.071],[-58.541,-52.028],[-58.497,-51.999],[-58.461,-52.002],[-58.439,-52.011]]],[[[-60.112,-51.396],[-60.249,-51.396],[-60.276,-51.363],[-60.275,-51.281],[-60.171,-51.273],[-60.07,-51.308],[-60.077,-51.343],[-60.112,-51.396]]],[[[-59.683,-52.232],[-59.747,-52.251],[-59.764,-52.242],[-59.785,-52.205],[-59.793,-52.134],[-59.753,-52.141],[-59.681,-52.18],[-59.683,-52.232]]]]}},{"type":"Feature","properties":{"code":"AR-W","name":"Corrientes"},"geometry":{"type":"MultiPolygon","coordinates":[[[[-59.674,-30.344],[-59.664,-30.303],[-59.644,-30.247],[-59.643,-30.211],[-59.629,-30.171],[-59.615,-30.101],[-59.584,-30.057],[-59.568,-30.01],[-59.594,-29.962],[-59.603,-29.911],[-59.633,-29.871],[-59.658,-29.851],[-59.661,-29.821],[-59.619,-29.761],[-59.614,-29.742],[-59.632,-29.691],[-59.626,-29.651],[-59.605,-29.604],[-59.603,-29.584],[-59.632,-29.534],[-59.581,-29.454],[-59.602,-29.391],[-59.577,-29.38],[-59.511,-29.339],[-59.514,-29.268],[-59.492,-29.246],[-59.439,-29.226],[-59.399,-29.217],[-59.397,-29.192],[-59.375,-29.166],[-59.343,-29.165],[-59.346,-29.118],[-59.282,-29.101],[-59.218,-29.058],[-59.202,-29.023],[-59.21,-28.972],[-59.178,-28.941],[-59.165,-28.884],[-59.154,-28.865],[-59.14,-28.813],[-59.14,-28.784],[-59.12,-28.736],[-59.081,-28.665],[-59.117,-28.586],[-59.1,-28.546],[-59.066,-28.524],[-59.047,-28.494],[-59.043,-28.447],[-59.075,-28.407],[-59.063,-28.353],[-59.092,-28.326],[-59.103,-28.291],[-59.111,-28.235],[-59.097,-28.206],[-59.075,-28.136],[-58.981,-28.136],[-58.934,-28.121],[-58.902,-28.084],[-58.86,-28.058],[-58.862,-28.024],[-58.84,-27.988],[-58.832,-27.957],[-58.849,-27.926],[-58.834,-27.873],[-58.821,-27.855],[-58.813,-27.776],[-58.813,-27.692],[-58.838,-27.649],[-58.883,-27.609],[-58.871,-27.562],[-58.885,-27.535],[-58.877,-27.491],[-58.858,-27.462],[-58.812,-27.436],[-58.794,-27.394],[-58.767,-27.372],[-58.725,-27.374],[-58.673,-27.354],[-58.626,-27.327],[-58.599,-27.3],[-58.575,-27.303],[-58.529,-27.293],[-58.489,-27.273],[-58.462,-27.274],[-58.413,-27.287],[-58.303,-27.274],[-58.253,-27.26],[-58.169,-27.276],[-58.1,-27.271],[-58.06,-27.262],[-57.964,-27.266],[-57.919,-27.263],[-57.875,-27.275],[-57.814,-27.334],[-57.778,-27.338],[-57.702,-27.325],[-57.679,-27.335],[-57.667,-27.356],[-57.608,-27.391],[-57.555,-27.413],[-57.523,-27.434],[-57.488,-27.444],[-57.45,-27.44],[-57.413,-27.425],[-57.339,-27.415],[-57.312,-27.418],[-57.266,-27.448],[-57.232,-27.466],[-57.143,-27.484],[-57.043,-27.481],[-56.988,-27.489],[-56.966,-27.502],[-56.942,-27.558],[-56.894,-27.59],[-56.849,-27.606],[-56.821,-27.602],[-56.796,-27.587],[-56.747,-27.605],[-56.689,-27.579],[-56.677,-27.55],[-56.715,-27.503],[-56.721,-27.468],[-56.691,-27.454],[-56.678,-27.464],[-56.65,-27.461],[-56.616,-27.438],[-56.601,-27.421],[-56.574,-27.437],[-56.542,-27.438],[-56.53,-27.449],[-56.495,-27.525],[-56.463,-27.57],[-56.401,-27.599],[-56.375,-27.589],[-56.356,-27.567],[-56.339,-27.525],[-56.294,-27.494],[-56.285,-27.453],[-56.294,-27.42],[-56.269,-27.404],[-56.243,-27.405],[-56.214,-27.384],[-56.176,-27.344],[-56.149,-27.328],[-56.087,-27.308],[-56.063,-27.306],[-56.024,-27.324],[-56.039,-27.348],[-56.029,-27.374],[-56.055,-27.419],[-56.055,-27.451],[-56.037,-27.468],[-56.027,-27.505],[-55.982,-27.539],[-55.928,-27.631],[-55.836,-27.784],[-55.837,-27.822],[-55.847,-27.833],[-55.827,-27.855],[-55.831,-27.905],[-55.818,-27.912],[-55.812,-27.953],[-55.802,-27.974],[-55.777,-27.993],[-55.776,-28.01],[-55.75,-28.04],[-55.759,-28.052],[-55.715,-28.069],[-55.698,-28.09],[-55.656,-28.115],[-55.644,-28.131],[-55.62,-28.138],[-55.627,-28.171],[-55.658,-28.186],[-55.7,-28.222],[-55.769,-28.241],[-55.776,-28.271],[-55.727,-28.29],[-55.67,-28.331],[-55.669,-28.342],[-55.689,-28.387],[-55.692,-28.418],[-55.719,-28.42],[-55.739,-28.377],[-55.757,-28.369],[-55.803,-28.366],[-55.851,-28.355],[-55.878,-28.361],[-55.903,-28.412],[-55.881,-28.47],[-55.946,-28.494],[-55.986,-28.498],[-56.022,-28.52],[-56.024,-28.545],[-56.002,-28.579],[-56.002,-28.596],[-56.027,-28.618],[-56.056,-28.628],[-56.119,-28.682],[-56.145,-28.711],[-56.161,-28.74],[-56.192,-28.774],[-56.259,-28.778],[-56.285,-28.789],[-56.301,-28.815],[-56.298,-28.853],[-56.302,-28.901],[-56.337,-28.934],[-56.391,-28.955],[-56.41,-28.978],[-56.415,-29.001],[-56.399,-29.021],[-56.425,-29.082],[-56.501,-29.092],[-56.541,-29.114],[-56.591,-29.124],[-56.605,-29.162],[-56.644,-29.196],[-56.654,-29.228],[-56.648,-29.259],[-56.66,-29.291],[-56.702,-29.359],[-56.718,-29.369],[-56.766,-29.378],[-56.779,-29.409],[-56.78,-29.439],[-56.803,-29.455],[-56.819,-29.488],[-56.899,-29.532],[-56.933,-29.57],[-56.97,-29.604],[-56.967,-29.63],[-57.009,-29.662],[-57.033,-29.696],[-57.121,-29.765],[-57.17,-29.781],[-57.213,-29.777],[-57.242,-29.788],[-57.294,-29.831],[-57.326,-29.876],[-57.324,-29.924],[-57.328,-29.972],[-57.337,-29.993],[-57.363,-30.013],[-57.414,-30.037],[-57.448,-30.074],[-57.458,-30.101],[-57.48,-30.123],[-57.543,-30.161],[-57.584,-30.177],[-57.636,-30.176],[-57.649,-30.194],[-57.646,-30.211],[-57.615,-30.256],[-57.643,-30.342],[-57.692,-30.38],[-57.735,-30.407],[-57.768,-30.418],[-57.794,-30.447],[-57.844,-30.469],[-57.888,-30.509],[-57.883,-30.593],[-57.848,-30.619],[-57.844,-30.659],[-57.809,-30.695],[-57.809,-30.73],[-57.846,-30.718],[-57.851,-30.7],[-57.895,-30.669],[-57.964,-30.647],[-57.981,-30.629],[-58.013,-30.613],[-58.046,-30.563],[-58.069,-30.545],[-58.058,-30.493],[-58.071,-30.484],[-58.079,-30.455],[-58.071,-30.43],[-58.146,-30.397],[-58.192,-30.336],[-58.194,-30.31],[-58.209,-30.287],[-58.245,-30.271],[-58.261,-30.256],[-58.297,-30.245],[-58.331,-30.267],[-58.365,-30.266],[-58.414,-30.234],[-58.452,-30.221],[-58.462,-30.206],[-58.496,-30.207],[-58.525,-30.189],[-58.564,-30.177],[-58.586,-30.159],[-58.635,-30.175],[-58.668,-30.164],[-58.699,-30.184],[-58.719,-30.187],[-58.755,-30.216],[-58.804,-30.211],[-58.835,-30.232],[-58.902,-30.248],[-58.938,-30.232],[-59.007,-30.219],[-59.067,-30.239],[-59.076,-30.257],[-59.137,-30.288],[-59.136,-30.311],[-59.251,-30.365],[-59.327,-30.351],[-59.349,-30.324],[-59.372,-30.326],[-59.419,-30.316],[-59.44,-30.329],[-59.464,-30.325],[-59.481,-30.342],[-59.545,-30.34],[-59.568,-30.367],[-59.583,-30.427],[-59.61,-30.426],[-59.634,-30.385],[-59.635,-30.36],[-59.674,-30.344]]],[[[-57.593,-27.392],[-57.555,-27.387],[-57.541,-27.395],[-57.461,-27.41],[-57.424,-27.411],[-57.484,-27.439],[-57.518,-27.43],[-57.593,-27.392]]],[[[-57.032,-27.481],[-56.922,-27.422],[-56.885,-27.425],[-56.84,-27.46],[-56.77,-27.502],[-56.726,-27.512],[-56.738,-27.55],[-56.749,-27.561],[-56.799,-27.573],[-56.83,-27.595],[-56.873,-27.581],[-56.89,-27.552],[-56.911,-27.532],[-56.937,-27.524],[-56.97,-27.492],[-57.032,-27.481]]],[[[-56.784,-27.582],[-56.761,-27.578],[-56.735,-27.56],[-56.716,-27.52],[-56.701,-27.536],[-56.705,-27.564],[-56.727,-27.588],[-56.752,-27.591],[-56.784,-27.582]]]]}},{"type":"Feature","properties":{"code":"AR-X","name":"Córdoba"},"geometry":{"type":"Polygon","coordinates":[[[-65.399,-30.125],[-65.119,-30.075],[-64.989,-29.962],[-64.898,-29.885],[-64.95,-29.589],[-64.825,-29.574],[-64.536,-29.533],[-64.275,-29.499],[-64.082,-29.53],[-63.981,-29.551],[-63.976,-29.589],[-63.962,-29.624],[-63.874,-29.631],[-63.841,-29.579],[-63.784,-29.584],[-63.796,-29.615],[-63.763,-29.617],[-63.745,-29.629],[-63.749,-29.652],[-63.715,-29.662],[-63.677,-29.665],[-63.637,-29.656],[-63.582,-29.658],[-63.554,-29.664],[-63.465,-29.664],[-63.48,-29.726],[-63.46,-29.726],[-63.46,-29.757],[-63.254,-29.781],[-62.806,-29.834],[-62.835,-29.854],[-62.82,-29.902],[-62.799,-29.911],[-62.785,-29.946],[-62.787,-29.964],[-62.751,-29.967],[-62.725,-29.991],[-62.662,-29.998],[-62.661,-30.019],[-62.676,-30.036],[-62.66,-30.053],[-62.632,-30.044],[-62.605,-30.06],[-62.557,-30.063],[-62.57,-30.129],[-62.593,-30.155],[-62.601,-30.193],[-62.59,-30.227],[-62.594,-30.26],[-62.565,-30.288],[-62.322,-30.283],[-62.17,-30.281],[-62.159,-30.35],[-62.131,-30.48],[-61.843,-30.747],[-61.94,-31.046],[-62.043,-31.361],[-62.127,-31.617],[-62.24,-31.699],[-62.217,-31.741],[-62.217,-31.788],[-62.225,-31.838],[-62.222,-31.884],[-62.188,-31.922],[-62.167,-31.985],[-62.197,-32.115],[-62.178,-32.16],[-62.128,-32.209],[-62.044,-32.258],[-62.035,-32.268],[-62.012,-32.347],[-61.983,-32.395],[-61.944,-32.439],[-61.913,-32.5],[-61.903,-32.569],[-61.926,-32.583],[-61.89,-32.614],[-61.946,-32.651],[-61.947,-32.678],[-61.905,-32.696],[-61.858,-32.695],[-61.823,-32.758],[-61.796,-32.774],[-61.778,-32.83],[-61.793,-32.873],[-61.772,-32.913],[-61.791,-32.958],[-61.788,-33.006],[-61.824,-33.041],[-61.848,-33.056],[-61.884,-33.102],[-61.92,-33.12],[-62.021,-33.251],[-62.195,-33.482],[-62.411,-33.769],[-62.673,-34.112],[-62.884,-34.386],[-63.391,-34.386],[-63.393,-34.529],[-63.383,-34.819],[-63.385,-34.822],[-63.386,-35.002],[-63.472,-35.004],[-63.933,-35.008],[-64.147,-35.009],[-64.246,-35.011],[-64.588,-35.012],[-65.105,-35.015],[-65.109,-34.744],[-65.109,-34.38],[-65.109,-34.074],[-65.112,-33.875],[-65.119,-33.723],[-65.129,-33.487],[-65.143,-33.194],[-65.112,-33.177],[-65.098,-33.154],[-65.074,-33.142],[-65.055,-33.115],[-65.059,-33.1],[-65.045,-33.062],[-65.029,-33.05],[-64.999,-33.003],[-65.024,-32.992],[-65.014,-32.962],[-64.991,-32.936],[-64.991,-32.893],[-64.976,-32.877],[-64.983,-32.854],[-64.969,-32.8],[-64.943,-32.761],[-64.945,-32.717],[-64.911,-32.688],[-64.926,-32.666],[-64.923,-32.639],[-64.94,-32.623],[-64.915,-32.605],[-64.9,-32.575],[-64.928,-32.564],[-64.947,-32.517],[-64.937,-32.47],[-64.949,-32.444],[-64.932,-32.411],[-64.929,-32.382],[-64.935,-32.333],[-64.954,-32.307],[-64.977,-32.322],[-64.997,-32.314],[-65.035,-32.318],[-65.087,-32.314],[-65.209,-32.324],[-65.214,-32.271],[-65.211,-32.235],[-65.232,-32.211],[-65.226,-32.18],[-65.245,-32.09],[-65.31,-32.053],[-65.313,-32.042],[-65.628,-31.899],[-65.77,-31.889],[-65.77,-31.509],[-65.771,-31.262],[-65.771,-31.043],[-65.641,-30.753],[-65.599,-30.656],[-65.573,-30.607],[-65.519,-30.476],[-65.399,-30.125]]]}},{"type":"Feature","properties":{"code":"AR-Y","name":"Jujuy"},"geometry":{"type":"Polygon","coordinates":[[[-67.213,-23.695],[-67.112,-23.381],[-66.991,-23],[-67.181,-22.814],[-67.128,-22.722],[-67.014,-22.655],[-67.028,-22.541],[-66.973,-22.541],[-66.928,-22.492],[-66.782,-22.438],[-66.785,-22.401],[-66.763,-22.347],[-66.755,-22.299],[-66.739,-22.238],[-66.686,-22.209],[-66.638,-22.226],[-66.623,-22.197],[-66.356,-22.131],[-66.332,-22.119],[-66.325,-22.089],[-66.288,-22.086],[-66.292,-22.038],[-66.278,-22.023],[-66.283,-21.982],[-66.274,-21.944],[-66.262,-21.935],[-66.236,-21.848],[-66.24,-21.789],[-66.22,-21.781],[-66.194,-21.796],[-66.076,-21.835],[-66.043,-21.872],[-66.048,-21.919],[-65.925,-21.934],[-65.805,-22.075],[-65.748,-22.109],[-65.704,-22.099],[-65.679,-22.111],[-65.638,-22.106],[-65.62,-22.097],[-65.586,-22.098],[-65.574,-22.076],[-65.485,-22.096],[-65.471,-22.089],[-65.194,-22.085],[-65.187,-22.085],[-65.196,-22.109],[-65.193,-22.147],[-65.215,-22.15],[-65.231,-22.251],[-65.24,-22.279],[-65.226,-22.32],[-65.263,-22.339],[-65.284,-22.39],[-65.282,-22.413],[-65.312,-22.479],[-65.348,-22.526],[-65.351,-22.602],[-65.3,-22.628],[-65.271,-22.65],[-65.302,-22.714],[-65.297,-22.74],[-65.301,-22.766],[-65.274,-22.79],[-65.279,-22.849],[-65.273,-22.895],[-65.236,-22.913],[-65.22,-22.939],[-65.177,-22.969],[-65.146,-22.985],[-65.122,-23.016],[-65.068,-23.041],[-65.063,-23.066],[-65.067,-23.091],[-65.063,-23.122],[-65.071,-23.138],[-65.046,-23.153],[-65.077,-23.232],[-65.035,-23.234],[-65.022,-23.279],[-64.957,-23.282],[-64.929,-23.301],[-64.899,-23.334],[-64.899,-23.39],[-64.91,-23.401],[-64.897,-23.438],[-64.867,-23.448],[-64.874,-23.473],[-64.853,-23.49],[-64.839,-23.486],[-64.802,-23.495],[-64.783,-23.493],[-64.762,-23.476],[-64.696,-23.455],[-64.684,-23.455],[-64.654,-23.485],[-64.635,-23.485],[-64.537,-23.523],[-64.525,-23.544],[-64.495,-23.568],[-64.478,-23.609],[-64.442,-23.637],[-64.413,-23.629],[-64.391,-23.602],[-64.395,-23.569],[-64.361,-23.539],[-64.353,-23.517],[-64.156,-23.519],[-64.158,-23.822],[-64.161,-24.072],[-64.154,-24.077],[-64.151,-24.136],[-64.175,-24.214],[-64.17,-24.228],[-64.182,-24.265],[-64.225,-24.33],[-64.246,-24.336],[-64.255,-24.367],[-64.318,-24.427],[-64.367,-24.419],[-64.386,-24.402],[-64.416,-24.398],[-64.44,-24.426],[-64.455,-24.464],[-64.477,-24.462],[-64.5,-24.507],[-64.531,-24.504],[-64.56,-24.577],[-64.594,-24.583],[-64.648,-24.613],[-64.674,-24.604],[-64.683,-24.572],[-64.706,-24.561],[-64.726,-24.53],[-64.754,-24.523],[-64.775,-24.503],[-64.843,-24.467],[-64.878,-24.503],[-64.88,-24.526],[-64.903,-24.591],[-64.929,-24.599],[-64.997,-24.576],[-65.008,-24.579],[-65.079,-24.562],[-65.101,-24.528],[-65.136,-24.506],[-65.183,-24.465],[-65.208,-24.459],[-65.228,-24.468],[-65.227,-24.486],[-65.347,-24.497],[-65.358,-24.462],[-65.429,-24.452],[-65.487,-24.427],[-65.52,-24.447],[-65.543,-24.449],[-65.571,-24.422],[-65.6,-24.417],[-65.623,-24.381],[-65.654,-24.379],[-65.656,-24.356],[-65.683,-24.307],[-65.674,-24.279],[-65.673,-24.247],[-65.697,-24.229],[-65.696,-24.214],[-65.725,-24.187],[-65.732,-24.147],[-65.723,-24.12],[-65.738,-24.08],[-65.754,-24.056],[-65.785,-24.056],[-65.804,-24.033],[-65.843,-24.019],[-65.87,-24.003],[-65.951,-24],[-65.936,-23.975],[-65.961,-23.967],[-65.991,-23.982],[-66.022,-23.862],[-66.008,-23.803],[-66.009,-23.774],[-65.987,-23.51],[-66.003,-23.513],[-66.051,-23.479],[-66.088,-23.459],[-66.121,-23.432],[-66.177,-23.414],[-66.205,-23.433],[-66.206,-23.461],[-66.246,-23.504],[-66.261,-23.557],[-66.287,-23.574],[-66.317,-23.574],[-66.335,-23.623],[-66.332,-23.657],[-66.371,-23.694],[-66.369,-23.729],[-66.379,-23.749],[-66.358,-23.801],[-66.357,-23.823],[-66.379,-23.831],[-66.379,-23.85],[-66.358,-23.881],[-66.362,-23.946],[-66.367,-23.959],[-66.352,-24.02],[-66.368,-24.043],[-66.378,-24.117],[-66.406,-24.114],[-66.421,-24.162],[-66.458,-24.172],[-66.479,-24.186],[-66.483,-24.213],[-66.512,-24.197],[-66.544,-24.208],[-66.557,-24.188],[-66.597,-24.187],[-66.637,-24.177],[-66.7,-24.136],[-66.725,-24.102],[-66.746,-24.09],[-66.786,-24.093],[-66.83,-24.065],[-66.882,-23.996],[-66.882,-23.973],[-66.928,-23.976],[-66.95,-23.967],[-67.003,-23.88],[-67.213,-23.695]]]}},{"type":"Feature","properties":{"code":"AR-Z","name":"Santa Cruz"},"geometry":{"type":"MultiPolygon","coordinates":[[[[-65.9,-48.1],[-65.901,-48.1],[-65.904,-48.096],[-65.9,-48.1]]],[[[-68.433,-52.398],[-68.418,-52.386],[-68.419,-52.332],[-68.573,-52.325],[-68.586,-52.307],[-68.71,-52.285],[-68.838,-52.278],[-68.987,-52.204],[-69.079,-52.185],[-69.19,-52.15],[-69.486,-52.152],[-69.996,-52.001],[-70.667,-52],[-71.064,-52],[-71.601,-52],[-71.923,-52],[-71.964,-51.973],[-71.995,-51.98],[-72.027,-51.956],[-71.96,-51.926],[-71.938,-51.909],[-71.949,-51.874],[-71.965,-51.866],[-72.011,-51.821],[-72.076,-51.774],[-72.11,-51.769],[-72.121,-51.745],[-72.182,-51.737],[-72.2,-51.713],[-72.299,-51.697],[-72.288,-51.669],[-72.288,-51.633],[-72.316,-51.628],[-72.323,-51.593],[-72.338,-51.584],[-72.391,-51.594],[-72.441,-51.584],[-72.431,-51.555],[-72.391,-51.515],[-72.345,-51.521],[-72.354,-51.494],[-72.324,-51.476],[-72.341,-51.448],[-72.337,-51.422],[-72.308,-51.378],[-72.326,-51.346],[-72.369,-51.342],[-72.358,-51.318],[-72.308,-51.307],[-72.274,-51.286],[-72.259,-51.244],[-72.314,-51.21],[-72.347,-51.203],[-72.362,-51.166],[-72.401,-51.135],[-72.403,-51.092],[-72.376,-51.08],[-72.374,-51.023],[-72.266,-51.035],[-72.267,-50.965],[-72.246,-50.9],[-72.265,-50.868],[-72.261,-50.836],[-72.296,-50.791],[-72.349,-50.755],[-72.337,-50.719],[-72.3,-50.696],[-72.286,-50.66],[-72.338,-50.649],[-72.36,-50.616],[-72.41,-50.637],[-72.431,-50.617],[-72.454,-50.618],[-72.495,-50.602],[-72.509,-50.616],[-72.544,-50.62],[-72.583,-50.659],[-72.579,-50.681],[-72.655,-50.662],[-72.697,-50.645],[-72.732,-50.616],[-72.835,-50.654],[-72.893,-50.67],[-72.92,-50.704],[-72.945,-50.708],[-72.957,-50.741],[-73.002,-50.76],[-73.043,-50.762],[-73.07,-50.789],[-73.094,-50.773],[-73.144,-50.781],[-73.15,-50.768],[-73.196,-50.741],[-73.153,-50.658],[-73.194,-50.615],[-73.242,-50.595],[-73.287,-50.59],[-73.331,-50.562],[-73.364,-50.518],[-73.352,-50.473],[-73.364,-50.454],[-73.357,-50.429],[-73.376,-50.416],[-73.397,-50.371],[-73.436,-50.363],[-73.438,-50.344],[-73.404,-50.336],[-73.361,-50.301],[-73.427,-50.252],[-73.452,-50.241],[-73.444,-50.213],[-73.422,-50.206],[-73.431,-50.182],[-73.461,-50.185],[-73.497,-50.156],[-73.522,-50.154],[-73.505,-50.098],[-73.481,-50.084],[-73.498,-50.061],[-73.464,-50.055],[-73.436,-50.011],[-73.454,-49.963],[-73.477,-49.97],[-73.558,-49.947],[-73.549,-49.907],[-73.507,-49.892],[-73.511,-49.88],[-73.483,-49.836],[-73.491,-49.817],[-73.451,-49.789],[-73.466,-49.774],[-73.438,-49.758],[-73.474,-49.72],[-73.504,-49.709],[-73.506,-49.666],[-73.464,-49.642],[-73.461,-49.625],[-73.492,-49.579],[-73.536,-49.564],[-73.549,-49.538],[-73.545,-49.505],[-73.488,-49.501],[-73.464,-49.483],[-73.489,-49.434],[-73.467,-49.406],[-73.427,-49.394],[-73.432,-49.314],[-73.471,-49.279],[-73.496,-49.268],[-73.495,-49.242],[-73.473,-49.205],[-73.149,-49.284],[-73.098,-49.284],[-73.135,-49.266],[-73.146,-49.247],[-73.143,-49.212],[-73.14,-49.178],[-73.116,-49.168],[-73.106,-49.148],[-73.078,-49.141],[-73.042,-49.078],[-73.001,-49.059],[-73.01,-49.034],[-72.979,-49.024],[-72.99,-48.997],[-72.956,-48.979],[-72.948,-48.948],[-72.923,-48.934],[-72.866,-48.946],[-72.85,-48.965],[-72.795,-48.964],[-72.767,-48.946],[-72.747,-48.908],[-72.697,-48.897],[-72.689,-48.866],[-72.64,-48.867],[-72.599,-48.835],[-72.565,-48.823],[-72.534,-48.8],[-72.53,-48.771],[-72.542,-48.742],[-72.537,-48.713],[-72.542,-48.631],[-72.563,-48.584],[-72.558,-48.56],[-72.586,-48.487],[-72.539,-48.482],[-72.502,-48.517],[-72.44,-48.514],[-72.397,-48.484],[-72.374,-48.45],[-72.407,-48.434],[-72.406,-48.417],[-72.346,-48.385],[-72.376,-48.372],[-72.38,-48.352],[-72.342,-48.347],[-72.321,-48.359],[-72.277,-48.363],[-72.24,-48.349],[-72.234,-48.316],[-72.264,-48.279],[-72.316,-48.235],[-72.324,-48.219],[-72.309,-48.2],[-72.316,-48.179],[-72.299,-48.16],[-72.327,-48.117],[-72.354,-48.102],[-72.361,-48.074],[-72.414,-48.079],[-72.443,-48.065],[-72.428,-48.043],[-72.42,-47.988],[-72.427,-47.966],[-72.503,-47.959],[-72.527,-47.939],[-72.523,-47.902],[-72.475,-47.865],[-72.467,-47.814],[-72.495,-47.798],[-72.504,-47.763],[-72.472,-47.76],[-72.465,-47.739],[-72.434,-47.734],[-72.449,-47.706],[-72.414,-47.691],[-72.421,-47.661],[-72.381,-47.635],[-72.345,-47.632],[-72.316,-47.596],[-72.327,-47.571],[-72.31,-47.552],[-72.291,-47.512],[-72.31,-47.479],[-72.343,-47.456],[-72.293,-47.446],[-72.266,-47.415],[-72.233,-47.404],[-72.198,-47.416],[-72.143,-47.364],[-72.127,-47.328],[-72.046,-47.34],[-72.037,-47.322],[-71.997,-47.295],[-72.015,-47.25],[-72.002,-47.213],[-71.974,-47.21],[-71.879,-47.229],[-71.891,-47.187],[-71.851,-47.162],[-71.867,-47.122],[-71.881,-47.107],[-71.949,-47.087],[-71.931,-47.059],[-71.903,-47.051],[-71.88,-47.011],[-71.915,-46.998],[-71.953,-46.959],[-71.971,-46.904],[-71.931,-46.869],[-71.949,-46.81],[-71.907,-46.799],[-71.861,-46.804],[-71.839,-46.799],[-71.755,-46.753],[-71.69,-46.701],[-71.649,-46.689],[-71.647,-46.634],[-71.669,-46.613],[-71.662,-46.589],[-71.669,-46.528],[-71.757,-46.346],[-71.737,-46.323],[-71.724,-46.285],[-71.743,-46.258],[-71.751,-46.229],[-71.799,-46.191],[-71.864,-46.19],[-71.908,-46.145],[-71.889,-46.127],[-71.808,-46.121],[-71.762,-46.112],[-71.743,-46.091],[-71.716,-46.09],[-71.71,-46.071],[-71.676,-46.049],[-71.648,-46],[-71.4,-46],[-71.029,-46],[-70.534,-46],[-70.162,-46],[-69.655,-46],[-69.268,-46],[-68.917,-46],[-68.608,-46],[-68.269,-46],[-67.92,-46],[-67.596,-46],[-67.594,-46.024],[-67.617,-46.048],[-67.619,-46.048],[-67.621,-46.05],[-67.622,-46.061],[-67.62,-46.063],[-67.614,-46.066],[-67.627,-46.082],[-67.628,-46.138],[-67.619,-46.211],[-67.602,-46.268],[-67.595,-46.287],[-67.593,-46.295],[-67.573,-46.337],[-67.539,-46.397],[-67.495,-46.46],[-67.44,-46.548],[-67.394,-46.595],[-67.356,-46.618],[-67.292,-46.636],[-67.28,-46.64],[-67.249,-46.649],[-67.233,-46.673],[-67.187,-46.693],[-67.136,-46.705],[-67.085,-46.764],[-67.084,-46.766],[-67.027,-46.815],[-67.001,-46.826],[-66.997,-46.828],[-66.956,-46.852],[-66.928,-46.879],[-66.924,-46.885],[-66.881,-46.929],[-66.78,-47.006],[-66.702,-47.034],[-66.66,-47.03],[-66.626,-47.046],[-66.58,-47.046],[-66.575,-47.046],[-66.57,-47.045],[-66.567,-47.047],[-66.541,-47.048],[-66.497,-47.043],[-66.489,-47.044],[-66.355,-47.068],[-66.296,-47.071],[-66.186,-47.087],[-66.16,-47.082],[-66.104,-47.086],[-66.04,-47.071],[-66.032,-47.073],[-65.977,-47.071],[-65.854,-47.109],[-65.836,-47.144],[-65.753,-47.198],[-65.751,-47.21],[-65.758,-47.222],[-65.753,-47.238],[-65.718,-47.332],[-65.726,-47.415],[-65.738,-47.477],[-65.74,-47.512],[-65.793,-47.637],[-65.853,-47.749],[-65.899,-47.759],[-65.984,-47.742],[-66.036,-47.745],[-66.065,-47.775],[-66.122,-47.808],[-66.085,-47.812],[-66.053,-47.795],[-66.039,-47.768],[-65.94,-47.758],[-65.897,-47.763],[-65.896,-47.768],[-65.867,-47.825],[-65.859,-47.873],[-65.823,-47.904],[-65.777,-47.908],[-65.808,-47.961],[-65.84,-47.957],[-65.844,-47.94],[-65.911,-47.934],[-65.95,-47.971],[-65.928,-47.997],[-65.957,-48.019],[-65.953,-48.032],[-66,-48.07],[-65.956,-48.069],[-65.903,-48.091],[-65.909,-48.098],[-65.923,-48.114],[-65.976,-48.1],[-66.017,-48.11],[-66.038,-48.105],[-66.044,-48.105],[-66.086,-48.111],[-66.123,-48.125],[-66.127,-48.128],[-66.142,-48.161],[-66.165,-48.173],[-66.164,-48.193],[-66.23,-48.202],[-66.263,-48.238],[-66.295,-48.251],[-66.34,-48.281],[-66.36,-48.314],[-66.348,-48.344],[-66.45,-48.353],[-66.486,-48.407],[-66.489,-48.408],[-66.496,-48.418],[-66.563,-48.423],[-66.575,-48.423],[-66.661,-48.436],[-66.756,-48.476],[-66.771,-48.498],[-66.829,-48.522],[-66.896,-48.602],[-66.954,-48.606],[-67.01,-48.621],[-67.036,-48.644],[-67.083,-48.665],[-67.084,-48.665],[-67.118,-48.679],[-67.138,-48.704],[-67.152,-48.749],[-67.194,-48.784],[-67.193,-48.811],[-67.247,-48.854],[-67.331,-48.874],[-67.409,-48.91],[-67.468,-48.945],[-67.55,-49.014],[-67.572,-49.037],[-67.601,-49.107],[-67.623,-49.119],[-67.638,-49.149],[-67.618,-49.165],[-67.618,-49.189],[-67.665,-49.204],[-67.667,-49.242],[-67.69,-49.262],[-67.742,-49.277],[-67.714,-49.313],[-67.772,-49.318],[-67.803,-49.343],[-67.784,-49.383],[-67.817,-49.381],[-67.828,-49.401],[-67.705,-49.38],[-67.684,-49.351],[-67.7,-49.308],[-67.674,-49.3],[-67.666,-49.254],[-67.613,-49.249],[-67.603,-49.294],[-67.628,-49.351],[-67.662,-49.395],[-67.683,-49.462],[-67.698,-49.531],[-67.705,-49.601],[-67.72,-49.638],[-67.715,-49.7],[-67.73,-49.778],[-67.782,-49.864],[-67.782,-49.866],[-67.793,-49.888],[-67.853,-49.962],[-67.856,-49.965],[-67.92,-50.008],[-68.044,-50.072],[-68.121,-50.097],[-68.135,-50.103],[-68.196,-50.117],[-68.325,-50.123],[-68.352,-50.118],[-68.368,-50.089],[-68.419,-50.056],[-68.457,-49.993],[-68.508,-49.94],[-68.542,-49.92],[-68.558,-49.876],[-68.597,-49.864],[-68.574,-49.935],[-68.601,-49.938],[-68.645,-49.96],[-68.708,-49.966],[-68.755,-49.977],[-68.668,-49.993],[-68.583,-49.964],[-68.511,-50.019],[-68.513,-50.055],[-68.493,-50.086],[-68.458,-50.109],[-68.411,-50.115],[-68.355,-50.14],[-68.358,-50.16],[-68.406,-50.186],[-68.591,-50.238],[-68.635,-50.251],[-68.636,-50.251],[-68.66,-50.262],[-68.661,-50.261],[-68.661,-50.26],[-68.663,-50.26],[-68.664,-50.26],[-68.67,-50.262],[-68.773,-50.288],[-68.807,-50.307],[-68.88,-50.335],[-68.885,-50.357],[-68.908,-50.364],[-68.985,-50.435],[-69.006,-50.469],[-69.032,-50.493],[-69.052,-50.532],[-69.074,-50.558],[-69.081,-50.591],[-69.11,-50.658],[-69.125,-50.68],[-69.141,-50.746],[-69.131,-50.798],[-69.128,-50.855],[-69.132,-50.898],[-69.165,-50.913],[-69.217,-50.949],[-69.283,-50.973],[-69.314,-50.994],[-69.385,-51.06],[-69.371,-51.067],[-69.318,-51.04],[-69.288,-51.017],[-69.208,-50.986],[-69.172,-50.977],[-69.155,-50.998],[-69.155,-51.001],[-69.137,-51.077],[-69.105,-51.174],[-69.088,-51.204],[-69.034,-51.344],[-68.995,-51.455],[-68.953,-51.528],[-68.946,-51.553],[-68.982,-51.581],[-69.001,-51.562],[-69.057,-51.566],[-69.092,-51.593],[-69.131,-51.603],[-69.183,-51.596],[-69.251,-51.57],[-69.321,-51.552],[-69.391,-51.558],[-69.414,-51.569],[-69.493,-51.585],[-69.496,-51.601],[-69.457,-51.607],[-69.392,-51.593],[-69.334,-51.586],[-69.25,-51.602],[-69.198,-51.621],[-69.16,-51.648],[-69.222,-51.681],[-69.191,-51.693],[-69.098,-51.667],[-69.015,-51.637],[-69.013,-51.607],[-68.958,-51.628],[-68.919,-51.696],[-68.852,-51.777],[-68.767,-51.906],[-68.715,-51.974],[-68.583,-52.109],[-68.509,-52.175],[-68.419,-52.256],[-68.352,-52.323],[-68.408,-52.382],[-68.433,-52.398]]]]}}]}